Timezones are UTC,https://www.CryptoDataDownload.com
Date,Symbol,Open,High,Low,Close,Volume LTC,Volume EUR
2020-04-29,LTCEUR,42.4,43.64,42.37,43.6,54.85,2367.81
2020-04-28,LTCEUR,41.16,42.4,40.27,42.4,342.66,14086.49
2020-04-27,LTCEUR,41.32,41.79,40.48,41.16,96.59,3952.11
2020-04-26,LTCEUR,41,41.85,40.83,41.32,413.51,17153.48
2020-04-25,LTCEUR,40.79,42,40.79,41,4.867,201.51
2020-04-24,LTCEUR,40.31,41.76,40.31,40.79,13.54,555.93
2020-04-23,LTCEUR,38.66,40.31,38.21,40.31,83.82,3317.43
2020-04-22,LTCEUR,37.93,39,37.93,38.66,73.2,2793.87
2020-04-21,LTCEUR,37.44,37.93,37.44,37.93,1.748,66.24
2020-04-20,LTCEUR,39.23,40.11,37.35,37.44,333.88,12888.48
2020-04-19,LTCEUR,41,41,39.23,39.23,10.47,418.52
2020-04-18,LTCEUR,39.5,41,38.91,41,15.09,616.48
2020-04-17,LTCEUR,39.15,39.85,39,39.5,49.53,1954.98
2020-04-16,LTCEUR,36.58,39.15,36,39.15,106.86,3896.95
2020-04-15,LTCEUR,37.79,37.97,36.58,36.58,44.79,1664.33
2020-04-14,LTCEUR,40.46,40.74,37.13,37.79,7.422,289.28
2020-04-13,LTCEUR,40.23,41.44,37.05,40.46,350.29,13091.22
2020-04-12,LTCEUR,38.79,40.23,38.79,40.23,23.63,945.95
2020-04-11,LTCEUR,38.8,40.17,38.79,38.79,89.97,3522.89
2020-04-10,LTCEUR,39.24,39.52,38,38.8,317.38,12455.79
2020-04-09,LTCEUR,42.49,42.96,42.3,42.78,62.66,2662.31
2020-04-08,LTCEUR,40.49,43.43,40.49,42.49,108.79,4632.73
2020-04-07,LTCEUR,41.43,44,40.49,40.49,481.24,20718.75
2020-04-06,LTCEUR,37.11,41.43,37.11,41.43,40.22,1597.39
2020-04-05,LTCEUR,37.68,37.87,37.04,37.11,9.205,347.27
2020-04-04,LTCEUR,37.69,38.12,37.2,37.68,15.55,587.43
2020-04-03,LTCEUR,36.81,38.45,36.81,37.69,18.68,703.28
2020-04-02,LTCEUR,39.69,39.69,36.11,36.81,43.01,1611.51
2020-04-01,LTCEUR,36.46,39.69,35,39.69,23.1,826.48
2020-03-31,LTCEUR,35.35,36.46,35.35,36.46,0.14,5.104
2020-03-30,LTCEUR,34.04,43.54,34.04,35.35,15.53,614.75
2020-03-29,LTCEUR,34.5,34.66,34.04,34.04,137.29,4749.24
2020-03-28,LTCEUR,35.44,35.44,34.5,34.5,2.629,90.78
2020-03-27,LTCEUR,36.14,43.54,35.44,35.44,48.91,2054.44
2020-03-26,LTCEUR,36.14,36.14,36.14,36.14,0.0,0.0
2020-03-25,LTCEUR,37.27,40,35.96,36.14,366.36,13396.4
2020-03-24,LTCEUR,35.71,39.93,35.71,37.27,342.09,12587.38
2020-03-23,LTCEUR,34,36.91,34,35.71,96.86,3490.14
2020-03-22,LTCEUR,35.65,35.65,34,34,14.81,514.63
2020-03-21,LTCEUR,35.57,35.92,35.57,35.65,17.65,633.66
2020-03-20,LTCEUR,36.84,41,34,35.57,116.15,4248.87
2020-03-19,LTCEUR,31.65,39.05,31.65,36.84,367.42,13620.57
2020-03-18,LTCEUR,31.7,31.99,30.99,31.65,251.95,7908.98
2020-03-17,LTCEUR,30.05,33.9,30.05,31.7,89.87,2900.3
2020-03-16,LTCEUR,33.01,44,28.01,30.05,232.0,7271.29
2020-03-15,LTCEUR,31.65,33.09,31.38,33.01,202.71,6637.88
2020-03-14,LTCEUR,38.33,38.33,31.56,31.65,298.75,9752.19
2020-03-13,LTCEUR,27.21,39.72,25,38.33,370.31,12406.34
2020-03-12,LTCEUR,41,41,27.21,27.21,67.44,2170.27
2020-03-11,LTCEUR,44.01,49.24,41,41,7.935,339.0
2020-03-10,LTCEUR,42.72,49.15,42.72,44.01,19.57,892.3
2020-03-09,LTCEUR,45,48.76,42.72,42.72,168.28,7246.67
2020-03-08,LTCEUR,53.63,53.63,45,45,56.03,2726.48
2020-03-07,LTCEUR,55.77,56.47,53.63,53.63,54.0,3014.17
2020-03-06,LTCEUR,55.24,56.15,54.8,55.77,25.12,1397.97
2020-03-05,LTCEUR,54,60.71,54,55.24,20.86,1168.88
2020-03-04,LTCEUR,54.65,54.98,54,54,1.79,98.06
2020-03-03,LTCEUR,54.91,58.53,53.87,54.65,143.31,7835.95
2020-03-02,LTCEUR,52,55.77,52,54.91,139.75,7578.07
2020-03-01,LTCEUR,53.18,62.73,52,52,39.95,2105.18
2020-02-29,LTCEUR,53,53.47,52.66,53.18,3.324,177.47
2020-02-28,LTCEUR,60,60,53,53,2.593,138.02
2020-02-27,LTCEUR,56.72,60,54,60,0.94,51.96
2020-02-26,LTCEUR,65.64,65.64,56.72,56.72,266.18,15509.89
2020-02-25,LTCEUR,67.05,69.99,65.64,65.64,92.75,6193.48
2020-02-24,LTCEUR,72.6,72.6,67.05,67.05,115.16,7886.79
2020-02-23,LTCEUR,69.98,73,69.98,72.6,0.94,67.05
2020-02-22,LTCEUR,66.98,69.98,66.98,69.98,1.948,135.51
2020-02-21,LTCEUR,71,72,50,66.98,3323.54,204617.75
2020-02-20,LTCEUR,66.33,71,64,71,64.68,4190.52
2020-02-19,LTCEUR,71.93,73.13,63.9,66.33,122.11,8162.64
2020-02-18,LTCEUR,68.04,72.96,66.01,71.93,229.47,15611.68
2020-02-17,LTCEUR,67.92,68.04,64.42,68.04,65.4,4353.22
2020-02-16,LTCEUR,71,71,63.35,67.92,59.6,3961.79
2020-02-15,LTCEUR,75.88,76,69.73,71,28.75,2065.45
2020-02-14,LTCEUR,74.15,75.88,74.15,75.88,7.084,534.4
2020-02-13,LTCEUR,76.1,77,71.89,74.15,128.75,9542.59
2020-02-12,LTCEUR,70.23,77,68.86,76.1,463.49,33310.64
2020-02-11,LTCEUR,68.01,70.97,67.38,70.23,211.69,14814.82
2020-02-10,LTCEUR,69.9,69.9,66.64,68.01,102.34,6897.67
2020-02-09,LTCEUR,70.49,71.39,69.52,69.9,7.606,536.34
2020-02-08,LTCEUR,67.51,71,67.51,70.49,15.01,1054.33
2020-02-07,LTCEUR,66.75,68.52,66.75,67.51,15.79,1081.48
2020-02-06,LTCEUR,66.5,68,66.5,66.75,76.21,5107.13
2020-02-05,LTCEUR,61.27,66.5,61.27,66.5,76.24,5052.4
2020-02-04,LTCEUR,62.79,62.79,61.27,61.27,1.966,121.47
2020-02-03,LTCEUR,64.16,64.16,62.79,62.79,60.0,3769.35
2020-02-02,LTCEUR,63.96,66,63.14,64.16,0.8342,54.24
2020-02-01,LTCEUR,60.55,65.37,60.55,63.96,12.26,788.19
2020-01-31,LTCEUR,61.9,63.25,59.36,60.55,75.93,4658.41
2020-01-30,LTCEUR,54.68,63.6,53.79,61.9,397.0,24607.64
2020-01-29,LTCEUR,52.92,58,52.92,54.68,16.34,907.51
2020-01-28,LTCEUR,51.59,55,51.59,52.92,12.91,691.03
2020-01-27,LTCEUR,50.81,51.69,50.81,51.59,4.05,209.14
2020-01-26,LTCEUR,49.14,51.12,48.78,50.81,15.35,774.02
2020-01-25,LTCEUR,47.66,49.14,47.66,49.14,10.02,492.4
2020-01-24,LTCEUR,48.17,48.17,47.66,47.66,0.9855,46.97
2020-01-23,LTCEUR,52.7,52.7,48,48.17,42.68,2131.09
2020-01-22,LTCEUR,50.71,52.7,50.71,52.7,27.66,1445.24
2020-01-21,LTCEUR,50.71,50.71,50.71,50.71,0.0,0.0
2020-01-20,LTCEUR,50.71,50.71,50.71,50.71,0.0,0.0
2020-01-19,LTCEUR,54.28,54.56,50.44,50.71,52.73,2821.85
2020-01-18,LTCEUR,54.61,54.61,53.12,54.28,13.98,749.07
2020-01-17,LTCEUR,51.15,56,51.15,54.61,706.74,37274.62
2020-01-16,LTCEUR,52.33,52.33,49.79,51.15,22.82,1158.43
2020-01-15,LTCEUR,53,53.38,49.87,52.33,157.22,8226.75
2020-01-14,LTCEUR,44.35,57,44.35,53,300.99,15372.98
2020-01-13,LTCEUR,45.5,45.56,44.35,44.35,7.258,329.23
2020-01-12,LTCEUR,45.13,45.5,45.13,45.5,15.0,682.5
2020-01-11,LTCEUR,43.7,45.13,43.66,45.13,4.173,187.59
2020-01-10,LTCEUR,40.5,43.7,40.5,43.7,71.04,3055.26
2020-01-09,LTCEUR,40.18,40.5,40.18,40.5,12.0,486.0
2020-01-08,LTCEUR,41.2,43.23,40.18,40.18,3.478,147.65
2020-01-07,LTCEUR,44.99,44.99,37.06,41.2,5.184,219.17
2020-01-06,LTCEUR,39.55,44.99,39.55,44.99,5.177,210.2
2020-01-05,LTCEUR,39.67,39.69,36.73,39.55,20.61,807.78
2020-01-04,LTCEUR,39.67,39.67,39.67,39.67,0.0,0.0
2020-01-03,LTCEUR,39.67,39.67,39.67,39.67,0.0,0.0
2020-01-02,LTCEUR,39.67,39.67,39.67,39.67,0.0,0.0
2020-01-01,LTCEUR,39.67,39.67,39.67,39.67,0.0,0.0
2019-12-31,LTCEUR,39.68,39.68,39.25,39.67,0.359,14.14
2019-12-30,LTCEUR,39.68,39.68,39.68,39.68,0.0,0.0
2019-12-29,LTCEUR,39.68,39.68,39.68,39.68,0.0,0.0
2019-12-28,LTCEUR,39.68,39.68,39.68,39.68,0.0,0.0
2019-12-27,LTCEUR,39,39.68,39,39.68,26.19,1039.01
2019-12-26,LTCEUR,39,39,39,39,0.0,0.0
2019-12-25,LTCEUR,39,39,39,39,0.0,0.0
2019-12-24,LTCEUR,39.63,39.63,39,39,0.22,8.58
2019-12-23,LTCEUR,39.63,39.63,39.63,39.63,0.0,0.0
2019-12-22,LTCEUR,39.63,39.63,39.63,39.63,0.0,0.0
2019-12-21,LTCEUR,39.63,39.63,39.63,39.63,0.0,0.0
2019-12-20,LTCEUR,39.64,39.64,39.63,39.63,0.1332,5.28
2019-12-19,LTCEUR,35.34,39.64,35.34,39.64,1.5,59.46
2019-12-18,LTCEUR,35,38.99,35,35.34,2.102,77.3
2019-12-17,LTCEUR,37,37,35,35,4.696,164.69
2019-12-16,LTCEUR,39.69,39.69,37,37,3.612,134.76
2019-12-15,LTCEUR,39.69,39.69,39.69,39.69,0.0,0.0
2019-12-14,LTCEUR,39.69,39.69,39.69,39.69,0.0,0.0
2019-12-13,LTCEUR,39.69,39.69,39.69,39.69,95.34,3783.94
2019-12-12,LTCEUR,39.69,39.69,39.69,39.69,0.0,0.0
2019-12-11,LTCEUR,40.94,40.94,39.69,39.69,0.1519,6.03
2019-12-10,LTCEUR,40.94,40.94,40.94,40.94,0.0,0.0
2019-12-09,LTCEUR,41.19,41.19,40.94,40.94,0.5051,20.68
2019-12-08,LTCEUR,41.19,41.19,41.19,41.19,0.0,0.0
2019-12-07,LTCEUR,40.6,41.19,40.6,41.19,0.5647,23.26
2019-12-06,LTCEUR,39.94,41.08,39.94,40.6,11.81,478.05
2019-12-05,LTCEUR,40.28,40.28,39.94,39.94,15.0,599.1
2019-12-04,LTCEUR,40.64,40.69,40.28,40.28,1.613,65.39
2019-12-03,LTCEUR,41.07,41.38,40.64,40.64,0.7362,30.02
2019-12-02,LTCEUR,43.4,43.4,41.07,41.07,15.35,637.79
2019-12-01,LTCEUR,44,44,43.4,43.4,1.0,43.4
2019-11-30,LTCEUR,44.3,44.3,44,44,1.193,52.48
2019-11-29,LTCEUR,40.82,44.85,40.82,44.3,56.35,2515.3
2019-11-28,LTCEUR,40.82,40.82,40.82,40.82,0.0,0.0
2019-11-27,LTCEUR,42.08,42.08,40.82,40.82,0.4168,17.01
2019-11-26,LTCEUR,42.83,42.83,41.75,42.08,34.27,1451.26
2019-11-25,LTCEUR,40.87,43.4,40.87,42.83,38.51,1641.33
2019-11-24,LTCEUR,43.56,43.56,40.87,40.87,27.89,1156.14
2019-11-23,LTCEUR,43.56,43.56,43.56,43.56,0.0,0.0
2019-11-22,LTCEUR,45,45,39.85,43.56,232.73,9884.0
2019-11-21,LTCEUR,50.56,50.56,45,45,96.44,4460.24
2019-11-20,LTCEUR,48.22,50.56,48.22,50.56,0.14,7.08
2019-11-19,LTCEUR,50.55,50.55,48.22,48.22,0.2968,14.31
2019-11-18,LTCEUR,53.73,53.73,49,50.55,50.3,2604.58
2019-11-17,LTCEUR,52.42,53.96,52.42,53.73,0.2928,15.76
2019-11-16,LTCEUR,52.36,52.42,52.36,52.42,1.05,55.02
2019-11-15,LTCEUR,53.56,53.56,52,52.36,1.038,54.34
2019-11-14,LTCEUR,55.45,55.45,53.35,53.56,18.0,962.28
2019-11-13,LTCEUR,55.45,55.58,55.09,55.45,6.028,333.74
2019-11-12,LTCEUR,58,58,54.59,55.45,2.613,144.89
2019-11-11,LTCEUR,58,58,58,58,0.0,0.0
2019-11-10,LTCEUR,55.08,58.58,55.08,58,28.02,1611.26
2019-11-09,LTCEUR,56.72,56.72,55.08,55.08,4.479,248.4
2019-11-08,LTCEUR,56.72,56.72,56.72,56.72,0.0,0.0
2019-11-07,LTCEUR,56.72,56.72,56.72,56.72,0.0,0.0
2019-11-06,LTCEUR,57.34,57.34,56.45,56.72,3.159,178.83
2019-11-05,LTCEUR,54.75,57.34,54.75,57.34,212.47,12141.15
2019-11-04,LTCEUR,51.31,55,51.31,54.75,5.257,279.06
2019-11-03,LTCEUR,52.34,52.34,51.31,51.31,0.2039,10.46
2019-11-02,LTCEUR,51.19,52.34,51.19,52.34,0.381,19.94
2019-11-01,LTCEUR,52.86,52.86,51.19,51.19,32.85,1707.02
2019-10-31,LTCEUR,52.88,52.88,52.86,52.86,3.152,166.59
2019-10-30,LTCEUR,52.17,52.88,52.17,52.88,0.38,20.09
2019-10-29,LTCEUR,52.17,52.17,52.17,52.17,0.0,0.0
2019-10-28,LTCEUR,53.36,53.36,52.17,52.17,117.35,6187.22
2019-10-27,LTCEUR,50.79,53.36,50.79,53.36,0.8953,47.01
2019-10-26,LTCEUR,52.3,56.73,49.66,50.79,138.63,7147.52
2019-10-25,LTCEUR,44.95,52.3,44.69,52.3,58.62,2908.92
2019-10-24,LTCEUR,43.79,53.52,43.79,44.95,33.46,1590.53
2019-10-23,LTCEUR,48.97,48.97,43.79,43.79,44.44,2072.56
2019-10-22,LTCEUR,48.56,48.97,48.56,48.97,0.4602,22.54
2019-10-21,LTCEUR,48.56,48.56,48.56,48.56,0.0,0.0
2019-10-20,LTCEUR,47.94,48.56,47.51,48.56,3.343,161.83
2019-10-19,LTCEUR,47.88,48.17,47.88,47.94,0.9695,46.62
2019-10-18,LTCEUR,49.56,49.56,47.86,47.88,89.64,4292.85
2019-10-17,LTCEUR,47.55,49.56,46.95,49.56,8.398,413.58
2019-10-16,LTCEUR,49.15,49.15,46.73,47.55,9.47,449.62
2019-10-15,LTCEUR,51.24,51.24,49,49.15,22.22,1119.49
2019-10-14,LTCEUR,51.82,51.85,51.24,51.24,2.796,143.71
2019-10-13,LTCEUR,50.42,51.82,50.42,51.82,3.28,169.97
2019-10-12,LTCEUR,50.48,51.49,50.42,50.42,1.081,55.55
2019-10-11,LTCEUR,50.16,51.03,50.16,50.48,3.386,172.67
2019-10-10,LTCEUR,54,54,50.16,50.16,14.97,789.58
2019-10-09,LTCEUR,52.2,54,52.2,54,8.329,449.75
2019-10-08,LTCEUR,53.41,53.41,52.2,52.2,2.273,118.66
2019-10-07,LTCEUR,49.52,53.41,49.52,53.41,12.47,651.71
2019-10-06,LTCEUR,51.54,51.54,49.2,49.52,33.29,1665.17
2019-10-05,LTCEUR,52.28,52.28,51.28,51.54,40.85,2103.3
2019-10-04,LTCEUR,51.13,52.41,51.13,52.28,19.9,1035.88
2019-10-03,LTCEUR,50.97,51.13,49.24,51.13,62.72,3142.85
2019-10-02,LTCEUR,51.41,52,50.66,50.97,70.27,3586.02
2019-10-01,LTCEUR,51.13,52.42,50.6,51.41,162.04,8342.92
2019-09-30,LTCEUR,50.66,51.47,50.66,51.13,69.18,3547.74
2019-09-29,LTCEUR,50.66,50.66,50.66,50.66,0.0,0.0
2019-09-28,LTCEUR,49.97,51.39,49.97,50.66,24.77,1256.75
2019-09-27,LTCEUR,49.35,50.76,49.35,49.97,32.34,1616.07
2019-09-26,LTCEUR,50.94,52.46,46.38,49.35,62.26,3051.24
2019-09-25,LTCEUR,53.35,53.35,49,50.94,67.56,3473.27
2019-09-24,LTCEUR,60.47,61.45,51.56,53.35,415.92,23220.68
2019-09-23,LTCEUR,64.89,66.05,57.01,60.47,75.79,4701.92
2019-09-22,LTCEUR,65.67,65.67,64.89,64.89,1.199,78.34
2019-09-21,LTCEUR,66.55,67.47,65.67,65.67,4.2,278.48
2019-09-20,LTCEUR,69.55,69.55,66.55,66.55,22.23,1505.52
2019-09-19,LTCEUR,71.56,71.56,66.3,69.55,34.76,2337.65
2019-09-18,LTCEUR,69.6,72.1,68.71,71.56,161.85,11466.54
2019-09-17,LTCEUR,66.44,69.6,65.69,69.6,33.59,2249.8
2019-09-16,LTCEUR,64.32,66.44,63.12,66.44,13.52,867.32
2019-09-15,LTCEUR,64,64.32,62.84,64.32,8.852,562.7
2019-09-14,LTCEUR,61.52,64,61.52,64,6.817,424.04
2019-09-13,LTCEUR,62.72,62.72,61.34,61.52,46.2,2862.96
2019-09-12,LTCEUR,63.15,63.15,62.61,62.72,1.042,65.33
2019-09-11,LTCEUR,64.03,64.08,62.68,63.15,58.69,3722.23
2019-09-10,LTCEUR,62.67,64.63,62.67,64.03,1.724,110.87
2019-09-09,LTCEUR,63.97,63.97,62.67,62.67,4.009,254.4
2019-09-08,LTCEUR,61.97,63.97,61.97,63.97,17.59,1117.19
2019-09-07,LTCEUR,59.38,61.97,59.08,61.97,12.05,744.06
2019-09-06,LTCEUR,58.99,61.41,58.72,59.38,38.74,2314.0
2019-09-05,LTCEUR,62.17,62.17,58.37,58.99,53.93,3177.86
2019-09-04,LTCEUR,64,64,60.5,62.17,20.32,1238.99
2019-09-03,LTCEUR,60.69,64,60.69,64,20.1,1273.47
2019-09-02,LTCEUR,59.03,60.69,55,60.69,25.63,1492.46
2019-09-01,LTCEUR,57.8,59.03,57.8,59.03,1.417,83.37
2019-08-31,LTCEUR,58.48,58.48,57.43,57.8,1.402,80.97
2019-08-30,LTCEUR,58.34,58.48,56.75,58.48,4.132,235.4
2019-08-29,LTCEUR,63.75,63.75,56.61,58.34,47.74,2740.94
2019-08-28,LTCEUR,65.3,65.3,58.81,63.75,100.93,6245.2
2019-08-27,LTCEUR,65.83,65.9,65.04,65.3,3.91,255.75
2019-08-26,LTCEUR,64.01,66.93,64.01,65.83,12.2,807.13
2019-08-25,LTCEUR,66.3,66.73,64.01,64.01,9.702,639.34
2019-08-24,LTCEUR,67.88,67.88,64.57,66.3,43.91,2869.69
2019-08-23,LTCEUR,66.62,67.88,66.06,67.88,23.06,1527.46
2019-08-22,LTCEUR,65.88,67.19,64.99,66.62,117.75,7873.37
2019-08-21,LTCEUR,67.63,67.63,63.32,65.88,77.84,5051.3
2019-08-20,LTCEUR,69.09,69.09,67.63,67.63,30.17,2080.89
2019-08-19,LTCEUR,68.89,70.94,68.77,69.09,56.01,3945.14
2019-08-18,LTCEUR,65.38,70.16,65.38,68.89,16.7,1141.35
2019-08-17,LTCEUR,67.69,67.69,65.22,65.38,285.26,19013.97
2019-08-16,LTCEUR,69.38,73,65.68,67.69,80.23,5404.42
2019-08-15,LTCEUR,67.48,69.38,64.52,69.38,60.98,4091.49
2019-08-14,LTCEUR,74.76,75.77,67.48,67.48,399.22,29213.05
2019-08-13,LTCEUR,76.34,76.85,74.76,74.76,4.545,348.67
2019-08-12,LTCEUR,80.02,80.02,76.34,76.34,55.75,4369.18
2019-08-11,LTCEUR,76.42,81.45,76.31,80.02,130.79,10391.72
2019-08-10,LTCEUR,68.73,78.07,68.73,76.42,118.6,8921.54
2019-08-09,LTCEUR,80.14,80.14,68.73,68.73,74.42,5700.65
2019-08-08,LTCEUR,80.1,81.25,79.14,80.14,9.934,792.97
2019-08-07,LTCEUR,81.39,83.57,80.1,80.1,52.46,4301.29
2019-08-06,LTCEUR,85.78,87.7,81.39,81.39,16.44,1382.12
2019-08-05,LTCEUR,83.74,95.61,83.74,85.78,734.12,65026.01
2019-08-04,LTCEUR,85,85,82,83.74,502.82,41499.94
2019-08-03,LTCEUR,84.08,85.97,84.08,85,30.24,2577.74
2019-08-02,LTCEUR,89.9,89.9,84.08,84.08,8.917,774.33
2019-08-01,LTCEUR,90,90,87,89.9,12.35,1090.93
2019-07-31,LTCEUR,80.94,90,80.94,90,35.65,2996.26
2019-07-30,LTCEUR,79.15,81.95,79.15,80.94,22.13,1799.45
2019-07-29,LTCEUR,80.81,80.81,79.15,79.15,20.19,1598.43
2019-07-28,LTCEUR,79.51,80.83,79.51,80.81,61.23,4947.42
2019-07-27,LTCEUR,84.13,84.4,79.51,79.51,11.21,903.27
2019-07-26,LTCEUR,83.26,85.19,79.94,84.13,106.93,8885.61
2019-07-25,LTCEUR,84.85,86.15,83.26,83.26,10.11,856.51
2019-07-24,LTCEUR,80.69,84.85,78.6,84.85,15.98,1289.81
2019-07-23,LTCEUR,83.77,84.74,80.69,80.69,26.59,2206.0
2019-07-22,LTCEUR,89.56,89.56,73.52,83.77,44.58,3773.67
2019-07-21,LTCEUR,91.74,91.74,82.01,89.56,18.93,1653.86
2019-07-20,LTCEUR,85.92,92.67,85.92,91.74,14.66,1335.2
2019-07-19,LTCEUR,88.53,102,85.6,85.92,90.84,7887.15
2019-07-18,LTCEUR,79.54,92,79.54,88.53,85.93,7542.04
2019-07-17,LTCEUR,71.43,84.7,69.16,79.54,267.39,19457.29
2019-07-16,LTCEUR,81.5,81.5,69.64,71.43,395.43,28354.2
2019-07-15,LTCEUR,81.13,82.47,79.64,81.5,65.55,5363.2
2019-07-14,LTCEUR,87.06,88.2,78.33,81.13,29.15,2398.75
2019-07-13,LTCEUR,89.6,92.98,87.06,87.06,8.059,719.02
2019-07-12,LTCEUR,104.98,104.98,89.6,89.6,93.63,8738.04
2019-07-11,LTCEUR,94.87,104.98,84.72,104.98,120.9,10924.13
2019-07-10,LTCEUR,106.1,107.97,93.31,94.87,123.12,11960.52
2019-07-09,LTCEUR,108.48,108.77,106.1,106.1,17.45,1870.85
2019-07-08,LTCEUR,107,108.48,105.54,108.48,111.31,11899.43
2019-07-07,LTCEUR,108,108,104.3,107,20.56,2177.13
2019-07-06,LTCEUR,103.76,110.75,102.67,108,16.49,1785.29
2019-07-05,LTCEUR,107.09,107.09,103.76,103.76,40.48,4315.12
2019-07-04,LTCEUR,104.68,110.59,104.68,107.09,29.43,3210.82
2019-07-03,LTCEUR,104.12,108.17,104.12,104.68,48.94,5207.59
2019-07-02,LTCEUR,108.46,108.46,99.83,104.12,63.49,6619.6
2019-07-01,LTCEUR,106.09,110.98,102,108.46,60.65,6473.65
2019-06-30,LTCEUR,116.41,121.81,106.08,106.09,51.91,5556.38
2019-06-29,LTCEUR,104.13,121.82,102,116.41,27.98,3104.81
2019-06-28,LTCEUR,99.96,116.4,99.96,104.13,249.72,26013.83
2019-06-27,LTCEUR,112.39,114.69,96.9,99.96,237.0,24534.34
2019-06-26,LTCEUR,120.89,120.89,110,112.39,138.51,16343.05
2019-06-25,LTCEUR,117.66,121.79,113.92,120.89,49.57,5839.0
2019-06-24,LTCEUR,120,121.81,116.8,117.66,58.24,6871.33
2019-06-23,LTCEUR,122.17,129.31,120,120,12.05,1471.22
2019-06-22,LTCEUR,125,129.98,122.17,122.17,10.6,1327.8
2019-06-21,LTCEUR,118.99,125,118.99,125,129.06,15644.43
2019-06-20,LTCEUR,121.12,130,118.99,118.99,104.32,12745.06
2019-06-19,LTCEUR,119.76,123.43,119.76,121.12,27.59,3366.48
2019-06-18,LTCEUR,119.6,122.99,115.77,119.76,75.06,9050.65
2019-06-17,LTCEUR,121.98,121.98,116.92,119.6,96.42,11482.48
2019-06-16,LTCEUR,123.46,126,116,121.98,36.61,4445.33
2019-06-15,LTCEUR,119.99,123.46,119.99,123.46,6.567,804.73
2019-06-14,LTCEUR,116.76,119.99,113.4,119.99,61.92,7203.54
2019-06-13,LTCEUR,118.61,120.45,115.37,116.76,27.25,3231.78
2019-06-12,LTCEUR,121.16,126.11,117.5,118.61,77.69,9482.66
2019-06-11,LTCEUR,114.6,121.16,111.49,121.16,88.88,10451.85
2019-06-10,LTCEUR,100.35,114.6,100.35,114.6,61.65,6747.29
2019-06-09,LTCEUR,104.6,104.6,100.35,100.35,7.687,779.96
2019-06-08,LTCEUR,102.07,108.54,102.07,104.6,1.095,117.84
2019-06-07,LTCEUR,95.02,109.19,95.02,102.07,24.7,2554.89
2019-06-06,LTCEUR,90.89,95.27,90.25,95.02,17.72,1650.46
2019-06-05,LTCEUR,90.4,93.41,90.23,90.89,46.53,4306.06
2019-06-04,LTCEUR,95.43,102.72,87.87,90.4,433.95,39998.13
2019-06-03,LTCEUR,105,105,95.43,95.43,119.97,11750.76
2019-06-02,LTCEUR,101,105,100.89,105,1.912,197.88
2019-06-01,LTCEUR,109.99,109.99,101,101,4.287,436.05
2019-05-31,LTCEUR,96.54,109.99,95.12,109.99,48.27,4781.64
2019-05-30,LTCEUR,105,106.99,92.69,96.54,95.28,9781.27
2019-05-29,LTCEUR,102.99,106.03,99.57,105,3.632,373.82
2019-05-28,LTCEUR,104.15,104.15,100.84,102.99,49.06,5012.4
2019-05-27,LTCEUR,99.78,108.22,99.78,104.15,157.97,16131.59
2019-05-26,LTCEUR,91.15,103.99,89.99,99.78,13.67,1360.37
2019-05-25,LTCEUR,99,99,91.15,91.15,2.321,212.0
2019-05-24,LTCEUR,80.25,99,79.51,99,24.65,2200.82
2019-05-23,LTCEUR,79.43,80.25,77.5,80.25,67.51,5351.79
2019-05-22,LTCEUR,83.07,83.07,79.43,79.43,35.64,2868.51
2019-05-21,LTCEUR,82.71,83.07,81.98,83.07,6.061,497.82
2019-05-20,LTCEUR,82.96,82.96,80.37,82.71,7.518,610.66
2019-05-19,LTCEUR,85.99,93.49,82.96,82.96,14.61,1270.22
2019-05-18,LTCEUR,78,85.99,78,85.99,0.5815,50.0
2019-05-17,LTCEUR,87.31,87.31,76.89,78,16.01,1273.0
2019-05-16,LTCEUR,90,95,82.43,87.31,55.58,4984.47
2019-05-15,LTCEUR,80.91,99,80.91,90,126.15,10789.07
2019-05-14,LTCEUR,77.66,83.35,76.29,80.91,107.36,8655.17
2019-05-13,LTCEUR,75,82.57,71.41,77.66,175.73,14124.06
2019-05-12,LTCEUR,78.05,84.99,75,75,3.88,311.03
2019-05-11,LTCEUR,68.99,84,68.38,78.05,38.75,2991.53
2019-05-10,LTCEUR,64.87,68.99,64.87,68.99,13.33,906.04
2019-05-09,LTCEUR,66.66,66.66,64.05,64.87,1.277,82.58
2019-05-08,LTCEUR,65.61,66.66,64.93,66.66,20.21,1326.08
2019-05-07,LTCEUR,64.22,69,64.22,65.61,198.46,13354.09
2019-05-06,LTCEUR,67.33,67.33,64.22,64.22,0.2226,14.29
2019-05-05,LTCEUR,69,69,66.41,67.33,3.147,210.7
2019-05-04,LTCEUR,69.95,69.95,68.18,69,2.181,150.37
2019-05-03,LTCEUR,64.72,70,64.72,69.95,0.9162,63.56
2019-05-02,LTCEUR,65.01,65.25,63.75,64.72,43.64,2823.12
2019-05-01,LTCEUR,64.56,66.66,63,65.01,31.8,2046.01
2019-04-30,LTCEUR,59,66.65,59,64.56,107.2,6886.85
2019-04-29,LTCEUR,61.22,68,59,59,12.74,808.79
2019-04-28,LTCEUR,69.99,69.99,61.22,61.22,18.67,1160.3
2019-04-27,LTCEUR,69.99,69.99,69.99,69.99,0.0,0.0
2019-04-26,LTCEUR,65.77,69.99,63.26,69.99,8.423,557.7
2019-04-25,LTCEUR,64.03,66.1,64.03,65.77,1.335,88.23
2019-04-24,LTCEUR,70,70,63.84,64.03,13.09,849.39
2019-04-23,LTCEUR,69.21,75.74,69.21,70,15.27,1071.41
2019-04-22,LTCEUR,67,69.21,67,69.21,0.73,50.52
2019-04-21,LTCEUR,72.09,72.09,67,67,0.3438,23.46
2019-04-20,LTCEUR,72.25,80.85,71.28,72.09,6.701,501.06
2019-04-19,LTCEUR,71.88,74.2,71.88,72.25,2.12,154.39
2019-04-18,LTCEUR,70,73.77,70,71.88,0.7805,57.39
2019-04-17,LTCEUR,73.13,73.13,69.5,70,1.296,90.65
2019-04-16,LTCEUR,67.35,73.13,67.35,73.13,0.1367,10.0
2019-04-15,LTCEUR,70.5,70.86,67.35,67.35,9.551,666.5
2019-04-14,LTCEUR,69.7,70.5,68.35,70.5,5.53,384.38
2019-04-13,LTCEUR,70,71.18,69.7,69.7,2.95,208.92
2019-04-12,LTCEUR,69,70,68,70,14.58,1020.0
2019-04-11,LTCEUR,75.02,75.02,67.28,69,1.84,127.78
2019-04-10,LTCEUR,79.38,79.38,75.02,75.02,2.0,150.39
2019-04-09,LTCEUR,79.38,79.38,79.38,79.38,0.0,0.0
2019-04-08,LTCEUR,80.04,84.98,79.38,79.38,8.108,658.49
2019-04-07,LTCEUR,83.17,92.01,79.81,80.04,12.39,1035.21
2019-04-06,LTCEUR,77.77,85,77.7,83.17,5.319,426.74
2019-04-05,LTCEUR,75,83.99,75,77.77,7.596,614.57
2019-04-04,LTCEUR,70.1,80.99,64.11,75,15.32,1118.45
2019-04-03,LTCEUR,68,99,67.13,70.1,37.33,2929.68
2019-04-02,LTCEUR,54,68,54,68,11.11,681.69
2019-04-01,LTCEUR,54,64.71,53.12,54,32.64,1947.68
2019-03-31,LTCEUR,52.97,63.5,52.97,54,7.07,397.28
2019-03-30,LTCEUR,50.26,52.97,50.26,52.97,0.1009,5.344
2019-03-29,LTCEUR,50.26,50.26,50.26,50.26,0.0,0.0
2019-03-28,LTCEUR,50.26,50.26,50.26,50.26,0.0,0.0
2019-03-27,LTCEUR,54.97,54.97,50.26,50.26,3.471,184.99
2019-03-26,LTCEUR,54.97,54.97,54.97,54.97,0.0,0.0
2019-03-25,LTCEUR,54.97,54.97,54.97,54.97,1.011,55.55
2019-03-24,LTCEUR,52.42,54.97,52.42,54.97,0.1022,5.62
2019-03-23,LTCEUR,50.9,52.42,50.9,52.42,0.551,28.88
2019-03-22,LTCEUR,50.9,50.9,50.9,50.9,0.0,0.0
2019-03-21,LTCEUR,54.32,54.97,50.9,50.9,3.629,192.13
2019-03-20,LTCEUR,54.97,54.97,54.32,54.32,1.105,60.01
2019-03-19,LTCEUR,54.97,54.97,54.97,54.97,0.0,0.0
2019-03-18,LTCEUR,52.86,54.97,51.4,54.97,0.9939,54.14
2019-03-17,LTCEUR,53,53,52.67,52.86,3.919,206.79
2019-03-16,LTCEUR,52.99,53,52.5,53,0.5997,31.53
2019-03-15,LTCEUR,48.68,52.99,48.68,52.99,0.7549,40.0
2019-03-14,LTCEUR,48.68,48.68,48.68,48.68,0.0,0.0
2019-03-13,LTCEUR,48.68,48.68,48.68,48.68,0.0,0.0
2019-03-12,LTCEUR,52.99,52.99,46.38,48.68,3.694,173.98
2019-03-11,LTCEUR,46.02,52.99,46.02,52.99,0.3774,20.0
2019-03-10,LTCEUR,45.46,52.86,45.46,46.02,0.4009,19.82
2019-03-09,LTCEUR,50.24,50.24,45.46,45.46,2.141,97.32
2019-03-08,LTCEUR,52.87,52.87,49.34,50.24,18.15,904.6
2019-03-07,LTCEUR,52.87,52.87,52.87,52.87,0.0,0.0
2019-03-06,LTCEUR,50,53,46.04,52.87,17.12,875.41
2019-03-05,LTCEUR,39.33,50,39.33,50,26.01,1174.33
2019-03-04,LTCEUR,46.2,46.2,39.33,39.33,0.2,7.866
2019-03-03,LTCEUR,46.2,46.2,46.2,46.2,0.0,0.0
2019-03-02,LTCEUR,46.99,46.99,46.19,46.2,6.848,319.96
2019-03-01,LTCEUR,40.2,46.99,40.2,46.99,2.682,126.03
2019-02-28,LTCEUR,39.55,40.2,39.55,40.2,5.249,211.0
2019-02-27,LTCEUR,40.91,40.91,39.55,39.55,2.451,97.79
2019-02-26,LTCEUR,40.91,40.91,40.91,40.91,0.0,0.0
2019-02-25,LTCEUR,39.86,40.91,39.86,40.91,1.212,49.58
2019-02-24,LTCEUR,45.66,46.48,37.01,39.86,14.58,587.35
2019-02-23,LTCEUR,45.15,47,43.37,45.66,8.739,394.25
2019-02-22,LTCEUR,45.15,45.15,45.15,45.15,0.0,0.0
2019-02-21,LTCEUR,45.15,45.15,45.15,45.15,0.0,0.0
2019-02-20,LTCEUR,43.04,45.15,41,45.15,11.42,511.64
2019-02-19,LTCEUR,41.85,43.04,41.85,43.04,5.533,235.75
2019-02-18,LTCEUR,38.1,41.85,38.1,41.85,19.47,778.83
2019-02-17,LTCEUR,37.05,40,37.05,38.1,8.661,332.06
2019-02-16,LTCEUR,37.05,37.05,37.05,37.05,0.0,0.0
2019-02-15,LTCEUR,37.15,37.84,37.05,37.05,5.441,205.03
2019-02-14,LTCEUR,36.2,37.15,36.2,37.15,9.385,345.65
2019-02-13,LTCEUR,38.37,38.37,35.85,36.2,3.088,111.54
2019-02-12,LTCEUR,37.54,38.37,37.33,38.37,10.44,395.83
2019-02-11,LTCEUR,39.01,39.01,37.54,37.54,2.36,89.95
2019-02-10,LTCEUR,37.8,41.11,37.8,39.01,9.236,366.91
2019-02-09,LTCEUR,37.5,39.9,37,37.8,4.693,182.18
2019-02-08,LTCEUR,29.38,37.5,28,37.5,18.23,612.27
2019-02-07,LTCEUR,28.26,29.38,28.26,29.38,12.82,376.11
2019-02-06,LTCEUR,28.23,28.26,28.23,28.26,4.01,113.32
2019-02-05,LTCEUR,28.23,28.23,28.23,28.23,0.0,0.0
2019-02-04,LTCEUR,29.12,29.57,28.23,28.23,8.855,255.74
2019-02-03,LTCEUR,28.98,29.12,28.98,29.12,0.5189,15.11
2019-02-02,LTCEUR,29.05,30,28.98,28.98,3.972,118.55
2019-02-01,LTCEUR,27.5,29.05,27.5,29.05,2.034,59.0
2019-01-31,LTCEUR,27.49,27.5,27.49,27.5,2.515,69.16
2019-01-30,LTCEUR,25.7,27.49,25.7,27.49,1.17,32.16
2019-01-29,LTCEUR,26.82,27.42,25.7,25.7,26.77,721.08
2019-01-28,LTCEUR,28,28,26.45,26.82,44.41,1184.32
2019-01-27,LTCEUR,27.37,28,27.37,28,0.5,14.0
2019-01-26,LTCEUR,27.37,27.37,27.37,27.37,0.0,0.0
2019-01-25,LTCEUR,27.37,27.37,27.37,27.37,0.0,0.0
2019-01-24,LTCEUR,28.25,28.48,27.37,27.37,18.4,522.98
2019-01-23,LTCEUR,27.77,28.25,27.77,28.25,13.53,381.98
2019-01-22,LTCEUR,27.58,27.77,26.3,27.77,21.02,572.68
2019-01-21,LTCEUR,26.81,27.68,26.81,27.58,17.97,496.92
2019-01-20,LTCEUR,27.95,33.37,26.81,26.81,8.704,258.9
2019-01-19,LTCEUR,27.92,27.95,27.92,27.95,0.2318,6.478
2019-01-18,LTCEUR,26.96,27.92,26.96,27.92,2.002,55.72
2019-01-17,LTCEUR,27.38,27.38,26.96,26.96,1.113,30.0
2019-01-16,LTCEUR,27.41,27.41,27.38,27.38,0.3652,10.0
2019-01-15,LTCEUR,28.46,32,27.41,27.41,11.94,348.53
2019-01-14,LTCEUR,27.39,28.46,27.39,28.46,4.568,130.01
2019-01-13,LTCEUR,28.45,28.7,27.39,27.39,2.1,59.44
2019-01-12,LTCEUR,28.45,28.45,28.45,28.45,0.0,0.0
2019-01-11,LTCEUR,28.97,29.21,28.45,28.45,16.81,488.04
2019-01-10,LTCEUR,35.81,35.81,28.89,28.97,14.69,468.66
2019-01-09,LTCEUR,35.81,35.81,35.81,35.81,0.0,0.0
2019-01-08,LTCEUR,33.8,36.06,33.8,35.81,82.48,2973.13
2019-01-07,LTCEUR,40,40,33.8,33.8,1.1,37.18
2019-01-06,LTCEUR,28.86,40,28.86,40,15.43,586.12
2019-01-05,LTCEUR,28.53,30,28.53,28.86,1.355,40.04
2019-01-04,LTCEUR,27.78,28.91,27.78,28.53,14.17,407.72
2019-01-03,LTCEUR,28.87,28.87,26.28,27.78,7.252,196.84
2019-01-02,LTCEUR,27.64,28.87,27.64,28.87,0.1,2.887
2019-01-01,LTCEUR,27.64,27.64,27.64,27.64,0.0,0.0
2018-12-31,LTCEUR,26.03,27.64,25.44,27.64,1.353,37.36
2018-12-30,LTCEUR,26.03,26.03,26.03,26.03,0.0,0.0
2018-12-29,LTCEUR,26.03,26.03,26.03,26.03,0.0,0.0
2018-12-28,LTCEUR,25,26.03,25,26.03,17.07,440.6
2018-12-27,LTCEUR,26.72,26.72,25,25,8.832,232.05
2018-12-26,LTCEUR,27.28,27.28,26.72,26.72,20.0,534.4
2018-12-25,LTCEUR,38.98,38.98,27.27,27.28,5.808,161.08
2018-12-24,LTCEUR,35.9,38.98,35.83,38.98,1.095,41.56
2018-12-23,LTCEUR,33.01,35.9,28.62,35.9,14.45,427.46
2018-12-22,LTCEUR,26.37,33.01,26.37,33.01,3.692,104.8
2018-12-21,LTCEUR,28.62,28.62,26.37,26.37,6.155,165.34
2018-12-20,LTCEUR,26,28.62,25.92,28.62,9.221,252.43
2018-12-19,LTCEUR,25.88,26,25.88,26,1.1,28.6
2018-12-18,LTCEUR,25.44,30.79,25,25.88,6.881,201.12
2018-12-17,LTCEUR,22.3,25.5,22.3,25.44,30.08,753.61
2018-12-16,LTCEUR,20.4,22.3,20.4,22.3,3.43,73.76
2018-12-15,LTCEUR,20.09,20.43,20.09,20.4,6.11,124.71
2018-12-14,LTCEUR,21.83,21.83,19.98,20.09,6.306,126.43
2018-12-13,LTCEUR,21.83,21.83,21.83,21.83,0.0,0.0
2018-12-12,LTCEUR,19.43,21.83,19.43,21.83,1.997,43.46
2018-12-11,LTCEUR,22,22,19.43,19.43,8.426,172.01
2018-12-10,LTCEUR,23.33,35.1,21.19,22,9.599,254.11
2018-12-09,LTCEUR,21.38,23.33,21.38,23.33,6.917,154.98
2018-12-08,LTCEUR,24.22,24.22,21.15,21.38,0.9802,21.01
2018-12-07,LTCEUR,24,24.22,20.15,24.22,35.83,731.91
2018-12-06,LTCEUR,25.94,25.94,24,24,136.51,3323.39
2018-12-05,LTCEUR,27.43,27.43,25.05,25.94,261.9,7125.18
2018-12-04,LTCEUR,33,33,27.4,27.43,261.56,7170.09
2018-12-03,LTCEUR,29.96,33,26.9,33,11.15,306.36
2018-12-02,LTCEUR,30,30,29,29.96,0.5119,15.28
2018-12-01,LTCEUR,28.21,30,28.21,30,4.265,126.59
2018-11-30,LTCEUR,30.13,30.13,28.14,28.21,3.868,109.22
2018-11-29,LTCEUR,29.74,30.63,29.74,30.13,10.63,316.9
2018-11-28,LTCEUR,25.69,34.7,25.28,29.74,36.43,1094.16
2018-11-27,LTCEUR,25.39,26,25.39,25.69,2.287,58.92
2018-11-26,LTCEUR,27.01,27.39,23.14,25.39,36.23,955.73
2018-11-25,LTCEUR,25.38,27.01,24,27.01,37.68,1008.35
2018-11-24,LTCEUR,27.3,28.31,25.38,25.38,2.38,63.62
2018-11-23,LTCEUR,28.2,29.49,26.95,27.3,23.75,661.41
2018-11-22,LTCEUR,29.64,35.22,28.2,28.2,3.3,111.99
2018-11-21,LTCEUR,28.62,29.64,28.38,29.64,7.344,214.64
2018-11-20,LTCEUR,31.87,32.25,26.73,28.62,26.65,755.49
2018-11-19,LTCEUR,43.99,43.99,31.87,31.87,7.754,251.75
2018-11-18,LTCEUR,36.2,43.99,36.2,43.99,1.137,50.0
2018-11-17,LTCEUR,37.54,37.54,36.2,36.2,0.4408,15.96
2018-11-16,LTCEUR,44.54,44.55,36.36,37.54,7.664,294.59
2018-11-15,LTCEUR,36.37,44.54,36.37,44.54,1.004,40.49
2018-11-14,LTCEUR,43.32,44.66,36.37,36.37,11.37,447.59
2018-11-13,LTCEUR,44.34,45.24,43.32,43.32,5.603,249.38
2018-11-12,LTCEUR,44.33,44.35,44.33,44.34,3.413,151.36
2018-11-11,LTCEUR,44.33,44.33,44.33,44.33,0.0,0.0
2018-11-10,LTCEUR,46,46.31,44.32,44.33,9.092,412.67
2018-11-09,LTCEUR,46,46,46,46,0.0,0.0
2018-11-08,LTCEUR,46.78,46.9,46,46,2.553,119.39
2018-11-07,LTCEUR,48.9,48.9,46.78,46.78,23.94,1170.0
2018-11-06,LTCEUR,48.9,48.9,48.01,48.9,5.817,281.79
2018-11-05,LTCEUR,49,49,47.38,48.9,2.376,113.13
2018-11-04,LTCEUR,44.14,49,44.14,49,3.387,162.33
2018-11-03,LTCEUR,44.38,44.38,44.14,44.14,1.209,53.35
2018-11-02,LTCEUR,42.73,44.47,42.73,44.38,0.489,21.72
2018-11-01,LTCEUR,42.73,42.73,42.73,42.73,0.0,0.0
2018-10-31,LTCEUR,43.3,43.61,42.73,42.73,0.6618,28.46
2018-10-30,LTCEUR,43.41,49.99,43.3,43.3,12.09,543.21
2018-10-29,LTCEUR,48,48,42.11,43.41,15.36,649.47
2018-10-28,LTCEUR,48,48,48,48,0.0,0.0
2018-10-27,LTCEUR,46.13,49.99,45.85,48,6.63,321.11
2018-10-26,LTCEUR,45.77,46.13,45.3,46.13,44.59,2047.78
2018-10-25,LTCEUR,45.25,45.77,45.25,45.77,1.092,50.0
2018-10-24,LTCEUR,45.68,46,45.25,45.25,32.65,1501.88
2018-10-23,LTCEUR,45.68,45.68,45.68,45.68,0.0,0.0
2018-10-22,LTCEUR,45.42,46.51,45.42,45.68,2.427,112.54
2018-10-21,LTCEUR,45,45.42,45,45.42,0.8922,40.52
2018-10-20,LTCEUR,45,45,45,45,0.0,0.0
2018-10-19,LTCEUR,45,45,45,45,0.0,0.0
2018-10-18,LTCEUR,52.9,52.9,45,45,47.02,2200.86
2018-10-17,LTCEUR,45.66,55,38.9,52.9,33.47,1447.05
2018-10-16,LTCEUR,49,54.99,45.66,45.66,148.42,6915.97
2018-10-15,LTCEUR,45,49,45,49,13.83,641.51
2018-10-14,LTCEUR,46.49,46.49,45,45,5.383,242.35
2018-10-13,LTCEUR,46.59,46.59,46.49,46.49,1.721,80.0
2018-10-12,LTCEUR,44.46,46.59,38.2,46.59,27.47,1225.26
2018-10-11,LTCEUR,50.25,60,44.46,44.46,57.22,2808.14
2018-10-10,LTCEUR,52,52,49.5,50.25,43.19,2176.72
2018-10-09,LTCEUR,51.36,52,51.36,52,0.3846,20.0
2018-10-08,LTCEUR,50.09,51.4,50.09,51.36,1.08,55.25
2018-10-07,LTCEUR,49.28,50.09,49.28,50.09,0.2091,10.47
2018-10-06,LTCEUR,50.94,51.54,49.27,49.28,4.682,239.72
2018-10-05,LTCEUR,50.27,51,50,50.94,7.237,364.47
2018-10-04,LTCEUR,50.36,50.38,50.27,50.27,1.253,63.11
2018-10-03,LTCEUR,51.98,51.98,49.58,50.36,2.45,123.49
2018-10-02,LTCEUR,52.74,52.82,51.72,51.98,11.44,596.15
2018-10-01,LTCEUR,51.51,52.82,51.51,52.74,16.17,846.46
2018-09-30,LTCEUR,52.73,52.73,51.51,51.51,3.062,159.19
2018-09-29,LTCEUR,52.54,53.73,52,52.73,4.284,225.74
2018-09-28,LTCEUR,55.49,55.49,44,52.54,11.88,597.85
2018-09-27,LTCEUR,50,55.52,45,55.49,124.23,6327.08
2018-09-26,LTCEUR,47.11,50,47.11,50,0.6971,34.43
2018-09-25,LTCEUR,45,54.99,45,47.11,5.663,277.44
2018-09-24,LTCEUR,51.96,51.96,45,45,26.26,1262.6
2018-09-23,LTCEUR,51.44,51.96,51.44,51.96,1.988,103.31
2018-09-22,LTCEUR,50,51.44,42.05,51.44,24.17,1222.13
2018-09-21,LTCEUR,47.41,50,47.41,50,3.199,159.57
2018-09-20,LTCEUR,46.47,47.41,46.47,47.41,0.6438,30.52
2018-09-19,LTCEUR,46.03,46.47,46.03,46.47,0.2876,13.36
2018-09-18,LTCEUR,45,47.68,43.44,46.03,0.4834,22.9
2018-09-17,LTCEUR,49,49,45,45,4.027,183.02
2018-09-16,LTCEUR,49.51,49.51,47.38,49,5.475,266.04
2018-09-15,LTCEUR,50,50,49.51,49.51,2.0,99.02
2018-09-14,LTCEUR,47.17,50,46.23,50,10.55,509.46
2018-09-13,LTCEUR,44.32,48.5,44.32,47.17,16.29,760.31
2018-09-12,LTCEUR,48.65,49.4,34.8,44.32,11.64,483.59
2018-09-11,LTCEUR,46.69,55,46.69,48.65,2.89,150.0
2018-09-10,LTCEUR,48,48,46.69,46.69,2.895,136.92
2018-09-09,LTCEUR,48.99,48.99,46.13,48,4.129,197.33
2018-09-08,LTCEUR,50.29,50.29,48.99,48.99,0.3594,17.61
2018-09-07,LTCEUR,47.96,50.29,47.96,50.29,5.825,289.06
2018-09-06,LTCEUR,57,57,47.4,47.96,4.769,228.83
2018-09-05,LTCEUR,59.98,59.98,55.22,57,4.185,236.58
2018-09-04,LTCEUR,56.49,60.34,56.49,59.98,1.554,91.49
2018-09-03,LTCEUR,56.85,64.92,55.49,56.49,11.89,704.3
2018-09-02,LTCEUR,56.91,56.91,55.58,56.85,1.917,107.77
2018-09-01,LTCEUR,53.23,58.08,53.23,56.91,10.55,604.26
2018-08-31,LTCEUR,51.04,53.49,51.04,53.23,8.412,446.82
2018-08-30,LTCEUR,53,53,51.04,51.04,6.06,317.77
2018-08-29,LTCEUR,53.94,60,53,53,9.308,538.42
2018-08-28,LTCEUR,50.09,54,50.09,53.94,6.766,358.91
2018-08-27,LTCEUR,50,50.09,45,50.09,6.753,324.53
2018-08-26,LTCEUR,49.28,50,49.28,50,4.496,224.78
2018-08-25,LTCEUR,49.04,50.42,49.04,49.28,6.275,315.27
2018-08-24,LTCEUR,49.72,64.89,48.87,49.04,34.37,1814.94
2018-08-23,LTCEUR,48.71,53.86,48.57,49.72,11.81,582.82
2018-08-22,LTCEUR,56.92,56.92,45.01,48.71,8.389,410.2
2018-08-21,LTCEUR,47.5,58.97,47.5,56.92,8.854,489.9
2018-08-20,LTCEUR,51.11,51.11,47.5,47.5,3.407,164.6
2018-08-19,LTCEUR,46.31,51.12,46.31,51.11,2.717,136.75
2018-08-18,LTCEUR,52.92,54.54,46.31,46.31,3.368,174.65
2018-08-17,LTCEUR,50,52.93,50,52.92,2.898,153.36
2018-08-16,LTCEUR,51.61,54.4,49.61,50,5.603,286.28
2018-08-15,LTCEUR,47.06,54.56,47.06,51.61,28.82,1529.43
2018-08-14,LTCEUR,59,59,42.1,47.06,4.398,213.88
2018-08-13,LTCEUR,52.84,59,50.6,59,2.457,126.15
2018-08-12,LTCEUR,52.07,52.84,52.07,52.84,0.01597,0.8437
2018-08-11,LTCEUR,59.12,59.12,50.87,52.07,14.61,774.91
2018-08-10,LTCEUR,55.8,59.2,53.57,59.12,2.939,160.84
2018-08-09,LTCEUR,54,65.9,53.57,55.8,6.769,382.36
2018-08-08,LTCEUR,60,68.99,54,54,5.397,341.03
2018-08-07,LTCEUR,64.58,65.28,60,60,27.9,1692.89
2018-08-06,LTCEUR,64.04,65.83,63.02,64.58,1.014,65.61
2018-08-05,LTCEUR,63.12,64.04,63.12,64.04,0.1533,9.816
2018-08-04,LTCEUR,66.35,66.74,60.01,63.12,27.09,1641.18
2018-08-03,LTCEUR,66.5,66.5,65.18,66.35,1.17,76.83
2018-08-02,LTCEUR,67.62,67.62,65.72,66.5,2.118,140.71
2018-08-01,LTCEUR,67.11,67.62,65.72,67.62,10.49,700.42
2018-07-31,LTCEUR,80.97,80.97,66.01,67.11,3.217,216.99
2018-07-30,LTCEUR,72.78,80.97,70.06,80.97,7.379,551.05
2018-07-29,LTCEUR,71.17,72.78,71.17,72.78,0.1851,13.41
2018-07-28,LTCEUR,72.06,72.25,70.87,71.17,0.9635,68.62
2018-07-27,LTCEUR,73.16,73.16,71.45,72.06,0.4044,29.19
2018-07-26,LTCEUR,73.86,73.86,73.16,73.16,0.88,64.38
2018-07-25,LTCEUR,76,76.19,73.86,73.86,0.6792,50.18
2018-07-24,LTCEUR,68.6,76,68.6,76,3.067,230.46
2018-07-23,LTCEUR,69.26,71.97,68.6,68.6,0.4657,33.5
2018-07-22,LTCEUR,72.79,72.79,69.26,69.26,0.002813,0.1948
2018-07-21,LTCEUR,70.03,73,70.03,72.79,7.395,539.12
2018-07-20,LTCEUR,79.19,79.19,70,70.03,9.422,676.28
2018-07-19,LTCEUR,79.19,79.19,79.19,79.19,0.0,0.0
2018-07-18,LTCEUR,76,81.2,76,79.19,11.11,874.34
2018-07-17,LTCEUR,71,76,71,76,20.1,1442.37
2018-07-16,LTCEUR,65.36,78.5,65.36,71,3.55,260.62
2018-07-15,LTCEUR,63.01,65.36,63.01,65.36,1.662,108.42
2018-07-14,LTCEUR,66.18,66.18,63.01,63.01,2.294,149.87
2018-07-13,LTCEUR,64.5,67.13,64.5,66.18,2.404,159.99
2018-07-12,LTCEUR,64.82,69.99,64.5,64.5,3.536,233.28
2018-07-11,LTCEUR,64.82,64.82,64.82,64.82,0.0,0.0
2018-07-10,LTCEUR,70.48,70.48,64.82,64.82,4.017,269.08
2018-07-09,LTCEUR,70.85,78.22,70.48,70.48,1.866,136.47
2018-07-08,LTCEUR,70.01,70.85,70.01,70.85,0.3245,22.99
2018-07-07,LTCEUR,72.24,72.24,70.01,70.01,0.6142,43.0
2018-07-06,LTCEUR,70.01,72.24,70,72.24,6.7,474.23
2018-07-05,LTCEUR,75.89,81.8,70.01,70.01,5.099,372.95
2018-07-04,LTCEUR,73.96,81.96,68,75.89,18.87,1389.13
2018-07-03,LTCEUR,72.8,77.01,72.8,73.96,2.941,222.66
2018-07-02,LTCEUR,69.57,72.8,69.57,72.8,1.236,89.32
2018-07-01,LTCEUR,68.93,69.57,68.8,69.57,0.6583,45.38
2018-06-30,LTCEUR,64,68.93,63.3,68.93,5.2,342.21
2018-06-29,LTCEUR,67.93,68.31,63.88,64,7.025,454.42
2018-06-28,LTCEUR,67.93,82.89,67.93,67.93,21.64,1616.13
2018-06-27,LTCEUR,67,73.98,65.03,67.93,5.647,402.65
2018-06-26,LTCEUR,71.19,71.19,67,67,3.762,255.92
2018-06-25,LTCEUR,64,71.63,64,71.19,1.494,106.3
2018-06-24,LTCEUR,72.5,72.5,64,64,2.646,175.45
2018-06-23,LTCEUR,71.8,87.5,71.66,72.5,5.112,398.16
2018-06-22,LTCEUR,90.8,90.8,71,71.8,11.0,829.21
2018-06-21,LTCEUR,94.9,94.9,89.85,90.8,1.519,137.58
2018-06-20,LTCEUR,94.9,94.9,94.9,94.9,0.0,0.0
2018-06-19,LTCEUR,83.68,94.9,83.68,94.9,5.243,464.68
2018-06-18,LTCEUR,83.67,83.68,81.91,83.68,1.436,119.33
2018-06-17,LTCEUR,82.31,83.67,82.31,83.67,0.7412,62.0
2018-06-16,LTCEUR,83.32,83.5,81.76,82.31,13.53,1126.45
2018-06-15,LTCEUR,96.8,96.8,83.32,83.32,9.778,879.46
2018-06-14,LTCEUR,84.96,96.8,81.4,96.8,6.381,544.04
2018-06-13,LTCEUR,98.99,98.99,81.1,84.96,2.629,215.3
2018-06-12,LTCEUR,105.3,105.3,90.2,98.99,4.097,392.24
2018-06-11,LTCEUR,85,107,85,105.3,2.05,218.61
2018-06-10,LTCEUR,103,109.89,85,85,10.99,972.52
2018-06-09,LTCEUR,113.99,113.99,69,103,22.07,2150.86
2018-06-08,LTCEUR,116.96,116.96,102.96,113.99,10.69,1214.41
2018-06-07,LTCEUR,100,116.96,100,116.96,0.0725,8.48
2018-06-06,LTCEUR,119.17,147.5,100,100,25.72,3154.27
2018-06-05,LTCEUR,103.45,133,69,119.17,13.05,1414.75
2018-06-04,LTCEUR,107.29,107.96,103.45,103.45,3.9,407.97
2018-06-03,LTCEUR,104.58,121.99,104.58,107.29,2.767,296.45
2018-06-02,LTCEUR,125.96,125.96,104.58,104.58,10.62,1162.56
2018-06-01,LTCEUR,105,125.96,105,125.96,1.641,200.0
2018-05-31,LTCEUR,102.83,105,82.1,105,3.785,373.6
2018-05-30,LTCEUR,103.67,104.36,102.14,102.83,0.9078,93.9
2018-05-29,LTCEUR,100.28,105.49,95,103.67,2.679,261.36
2018-05-28,LTCEUR,100.28,100.28,100.28,100.28,0.0,0.0
2018-05-27,LTCEUR,100.28,100.28,100.28,100.28,0.0,0.0
2018-05-26,LTCEUR,101.96,101.96,100.28,100.28,0.0565,5.666
2018-05-25,LTCEUR,105,118.96,101,101.96,1.213,132.57
2018-05-24,LTCEUR,105.56,105.56,105,105,0.8705,91.4
2018-05-23,LTCEUR,130.5,130.5,105.56,105.56,0.5899,62.55
2018-05-22,LTCEUR,113.41,130.5,113.41,130.5,2.047,245.35
2018-05-21,LTCEUR,113.41,113.41,113.41,113.41,0.0,0.0
2018-05-20,LTCEUR,113.41,113.41,113.41,113.41,0.0,0.0
2018-05-19,LTCEUR,100,113.41,100,113.41,0.7591,86.08
2018-05-18,LTCEUR,115,135,100,100,10.02,1073.12
2018-05-17,LTCEUR,118.48,118.48,115,115,0.0272,3.128
2018-05-16,LTCEUR,118.48,118.48,118.48,118.48,0.0,0.0
2018-05-15,LTCEUR,124.78,124.78,118.48,118.48,2.222,269.67
2018-05-14,LTCEUR,120.85,124.87,115.17,124.78,3.687,452.49
2018-05-13,LTCEUR,129.99,129.99,115.45,120.85,2.938,349.9
2018-05-12,LTCEUR,135,135,114.28,129.99,5.625,672.56
2018-05-11,LTCEUR,129.54,135,120,135,152.26,18434.66
2018-05-10,LTCEUR,132.88,134.36,128.32,129.54,4.025,522.93
2018-05-09,LTCEUR,134.1,134.1,131.56,132.88,2.978,394.93
2018-05-08,LTCEUR,134.1,134.1,134.1,134.1,0.0,0.0
2018-05-07,LTCEUR,152.98,152.98,134.02,134.1,0.7726,103.61
2018-05-06,LTCEUR,147,152.98,147,152.98,0.4033,61.7
2018-05-05,LTCEUR,138.96,147,133.03,147,119.31,16857.62
2018-05-04,LTCEUR,130.87,141,130.02,138.96,8.129,1139.64
2018-05-03,LTCEUR,129.95,130.87,127.99,130.87,4.862,631.29
2018-05-02,LTCEUR,125.01,129.95,125.01,129.95,0.002539,0.3299
2018-05-01,LTCEUR,125.01,125.01,125.01,125.01,0.0,0.0
2018-04-30,LTCEUR,131.98,138.96,123.51,125.01,4.847,641.27
2018-04-29,LTCEUR,123.29,132,122.54,131.98,5.763,752.47
2018-04-28,LTCEUR,126.47,126.47,119.01,123.29,1.137,138.95
2018-04-27,LTCEUR,123.99,126.47,119,126.47,8.255,1024.83
2018-04-26,LTCEUR,118.09,133.79,118.09,123.99,2.17,282.8
2018-04-25,LTCEUR,130,133.8,108.2,118.09,17.26,2043.79
2018-04-24,LTCEUR,135,136.99,122.05,130,4.998,664.09
2018-04-23,LTCEUR,123,137,123,135,6.103,834.81
2018-04-22,LTCEUR,111,123,111,123,1.404,172.71
2018-04-21,LTCEUR,125.89,147,101.5,111,34.0,4261.64
2018-04-20,LTCEUR,118.59,125.89,118.59,125.89,2.527,313.41
2018-04-19,LTCEUR,117.99,118.59,115.99,118.59,0.7352,86.05
2018-04-18,LTCEUR,112.66,117.99,112.66,117.99,2.039,232.84
2018-04-17,LTCEUR,106,113.5,106,112.66,1.959,217.46
2018-04-16,LTCEUR,110,110,106,106,10.91,1183.04
2018-04-15,LTCEUR,105,113.99,105,110,51.5,5665.13
2018-04-14,LTCEUR,105,106,105,105,3.83,403.84
2018-04-13,LTCEUR,104.99,114,104.99,105,13.8,1457.91
2018-04-12,LTCEUR,94,104.99,94,104.99,22.78,2374.37
2018-04-11,LTCEUR,92.01,98.99,90,94,1.688,158.65
2018-04-10,LTCEUR,105.95,105.95,92,92.01,1.11,103.84
2018-04-09,LTCEUR,105.99,105.99,94.8,105.95,2.312,231.18
2018-04-08,LTCEUR,92.75,105.99,92.75,105.99,0.4244,44.98
2018-04-07,LTCEUR,92.75,92.75,92.75,92.75,0.0,0.0
2018-04-06,LTCEUR,96,109,92.1,92.75,2.317,235.15
2018-04-05,LTCEUR,94.36,100.89,94.36,98.42,0.7501,74.87
2018-04-04,LTCEUR,109.68,109.68,94.36,94.36,1.235,119.99
2018-04-03,LTCEUR,97.03,110.9,97.03,109.68,3.854,408.04
2018-04-02,LTCEUR,94.99,97.03,94.99,97.03,0.5354,51.95
2018-04-01,LTCEUR,96.22,109.78,92.13,94.99,0.8497,81.8
2018-03-31,LTCEUR,95.01,110.78,95.01,96.22,8.098,844.86
2018-03-30,LTCEUR,99.99,113.78,93.1,95.01,2.569,264.36
2018-03-29,LTCEUR,103.25,119,95.51,99.99,85.52,8808.07
2018-03-28,LTCEUR,114,128.99,103.1,103.25,126.15,14020.6
2018-03-27,LTCEUR,113,120.02,113,114,2.75,324.18
2018-03-26,LTCEUR,137.9,137.9,113,113,4.088,483.38
2018-03-25,LTCEUR,111,137.9,111,137.9,0.8074,110.29
2018-03-24,LTCEUR,129.65,144.79,110.01,111,9.946,1303.56
2018-03-23,LTCEUR,129.65,129.65,129.65,129.65,0.6858,88.91
2018-03-22,LTCEUR,144.79,144.79,129.65,129.65,3.772,491.49
2018-03-21,LTCEUR,140,144.79,137.57,144.79,0.4119,57.85
2018-03-20,LTCEUR,126.21,140,125.5,140,78.22,10762.99
2018-03-19,LTCEUR,126.07,138.59,125.98,126.21,8.511,1085.32
2018-03-18,LTCEUR,130.52,130.52,118.52,126.07,10.52,1271.78
2018-03-17,LTCEUR,140,140,127.95,130.52,2.996,390.99
2018-03-16,LTCEUR,134.65,140,132,140,9.54,1332.0
2018-03-15,LTCEUR,148,148,124.27,134.65,108.68,14070.59
2018-03-14,LTCEUR,152,152,135,148,17.3,2436.53
2018-03-13,LTCEUR,156,156,143.99,152,67.67,9889.0
2018-03-12,LTCEUR,157.89,169.9,146,156,44.03,6769.4
2018-03-11,LTCEUR,150.99,157.89,145,157.89,2.751,413.58
2018-03-10,LTCEUR,148,179.99,148,150.99,23.75,3887.63
2018-03-09,LTCEUR,155.49,155.49,135.5,148,167.69,23693.68
2018-03-08,LTCEUR,154,155.49,148.39,155.49,48.35,7434.78
2018-03-07,LTCEUR,161.01,172.49,146.14,154,21.46,3272.4
2018-03-06,LTCEUR,173,175,156.5,161.01,32.71,5387.58
2018-03-05,LTCEUR,170.42,174.26,170.42,173,3.609,624.38
2018-03-04,LTCEUR,170.02,172.77,169.01,170.42,33.22,5662.45
2018-03-03,LTCEUR,172,176.16,170.02,170.02,24.26,4245.35
2018-03-02,LTCEUR,173.99,173.99,170,172,6.927,1178.68
2018-03-01,LTCEUR,170,177.14,169.76,173.99,15.17,2603.85
2018-02-28,LTCEUR,178.99,180.5,170,170,30.62,5318.02
2018-02-27,LTCEUR,181,181.97,172.01,178.99,20.18,3599.4
2018-02-26,LTCEUR,177,189,172,181,45.6,8390.99
2018-02-25,LTCEUR,168.6,184.57,166.43,177,16.76,2937.48
2018-02-24,LTCEUR,169,173,161,168.6,27.39,4513.08
2018-02-23,LTCEUR,156,176,154.1,169,16.66,2847.22
2018-02-22,LTCEUR,173.99,176.04,152,156,37.45,6120.11
2018-02-21,LTCEUR,185.84,189.36,162.73,173.99,56.54,10057.88
2018-02-20,LTCEUR,181.27,202,181.27,185.84,123.51,24219.83
2018-02-19,LTCEUR,178.02,189.99,169.78,181.27,13.67,2515.87
2018-02-18,LTCEUR,187.14,187.14,166.5,178.02,23.74,4215.54
2018-02-17,LTCEUR,186.5,193.5,180,187.14,56.68,10545.04
2018-02-16,LTCEUR,165.72,194,165.72,186.5,55.86,10287.94
2018-02-15,LTCEUR,170.5,198,165.72,165.72,175.44,32730.34
2018-02-14,LTCEUR,131.64,179.81,130.79,170.5,162.18,25882.2
2018-02-13,LTCEUR,132.5,145.99,124.25,131.64,42.14,5682.61
2018-02-12,LTCEUR,127.71,134.49,111.51,132.5,14.58,1812.1
2018-02-11,LTCEUR,125,129,119,127.71,9.74,1210.99
2018-02-10,LTCEUR,135.3,139,124.2,125,68.75,9251.95
2018-02-09,LTCEUR,125,136,115.88,135.3,111.11,14015.29
2018-02-08,LTCEUR,113,128.89,113,125,42.53,5138.44
2018-02-07,LTCEUR,116.01,135,110,113,31.97,3912.47
2018-02-06,LTCEUR,98.26,120,80,116.01,47.47,4604.26
2018-02-05,LTCEUR,115,126.95,95.5,98.26,216.62,22643.9
2018-02-04,LTCEUR,122,136,111,115,106.53,13686.6
2018-02-03,LTCEUR,105,131,100.94,122,69.3,8184.66
2018-02-02,LTCEUR,118,118,84.1,105,161.06,16467.82
2018-02-01,LTCEUR,133.15,135.99,108.33,118,84.78,10337.74
2018-01-31,LTCEUR,131,147,120,133.15,89.29,12251.05
2018-01-30,LTCEUR,149.9,149.9,128,131,102.29,14512.02
2018-01-29,LTCEUR,153.82,155.36,143.21,149.9,25.68,3826.45
2018-01-28,LTCEUR,145,157.8,141.5,153.82,28.54,4292.8
2018-01-27,LTCEUR,144.51,150,142,145,12.7,1880.38
2018-01-26,LTCEUR,145,157.8,137,144.51,73.65,10672.43
2018-01-25,LTCEUR,144.1,149.95,142.5,145,61.89,8995.24
2018-01-24,LTCEUR,145.5,157.8,141.01,144.1,40.8,5934.54
2018-01-23,LTCEUR,155.9,157.73,138.4,145.5,46.54,7079.25
2018-01-22,LTCEUR,158.01,168,140,155.9,131.15,20528.91
2018-01-21,LTCEUR,175.57,177.3,158.01,158.01,130.11,21894.0
2018-01-20,LTCEUR,160.35,177.99,160.35,175.57,92.4,16025.16
2018-01-19,LTCEUR,168.99,174.88,158.02,160.35,91.43,15148.54
2018-01-18,LTCEUR,158.35,196,150,168.99,190.19,31745.78
2018-01-17,LTCEUR,159,179,120,158.35,163.04,23597.32
2018-01-16,LTCEUR,197.18,207,121,159,400.37,70811.67
2018-01-15,LTCEUR,204.98,207,193.5,197.18,78.63,15886.46
2018-01-14,LTCEUR,214.98,219.7,200.5,204.98,89.86,18647.51
2018-01-13,LTCEUR,201.9,214.99,201.9,214.98,106.1,22195.16
2018-01-12,LTCEUR,200,211.4,193.72,201.9,122.32,24672.23
2018-01-11,LTCEUR,208.99,214.99,190,200,134.99,27327.78
2018-01-10,LTCEUR,223.17,227,200,208.99,148.66,31083.08
2018-01-09,LTCEUR,222.49,230,205.01,223.17,111.62,24588.66
2018-01-08,LTCEUR,230.44,233.2,199,222.49,116.56,25791.16
2018-01-07,LTCEUR,233.24,255,215.08,230.44,35.73,8362.2
2018-01-06,LTCEUR,207.71,254.5,197,233.24,158.28,36427.6
2018-01-05,LTCEUR,209.1,218,192.01,207.71,81.91,16580.99
2018-01-04,LTCEUR,213.6,219.5,190.02,209.1,115.58,23680.69
2018-01-03,LTCEUR,222,269,208.71,213.6,102.35,23193.81
2018-01-02,LTCEUR,204.5,252.71,204.5,222,98.03,21771.71
2018-01-01,LTCEUR,203,204.84,189,204.5,12.24,2460.61
2017-12-31,LTCEUR,188.05,230,183,203,68.25,14551.21
2017-12-30,LTCEUR,212.02,218,184,188.05,53.23,10692.92
2017-12-29,LTCEUR,210.5,229.89,201,212.02,43.05,9328.44
2017-12-28,LTCEUR,221.55,238.9,203.1,210.5,132.01,30497.44
2017-12-27,LTCEUR,248.18,248.6,221.55,221.55,96.14,23289.78
2017-12-26,LTCEUR,240,248.19,235.11,248.18,33.99,8178.47
2017-12-25,LTCEUR,258.41,258.41,231.06,240,16.16,3889.96
2017-12-24,LTCEUR,250,258.55,226,258.41,20.37,4856.19
2017-12-23,LTCEUR,238,290,230,250,106.02,27825.43
2017-12-22,LTCEUR,271,294.25,185,238,1365.15,356798.1
2017-12-21,LTCEUR,285,305,266,271,1708.9,481602.03
2017-12-20,LTCEUR,309,313.88,263.02,285,164.56,47625.81
2017-12-19,LTCEUR,299,339.87,272,309,112.06,34064.43
2017-12-18,LTCEUR,260.65,299,245,299,77.9,21240.45
2017-12-17,LTCEUR,241.99,260.65,238.35,260.65,120.3,30406.77
2017-12-16,LTCEUR,245.26,254.1,225.51,241.99,65.41,16225.71
2017-12-15,LTCEUR,238.99,256.85,206.01,245.26,287.91,69929.07
2017-12-14,LTCEUR,268.5,268.5,200,238.99,105.43,24711.87
2017-12-13,LTCEUR,250,290,235,268.5,84.9,22082.57
2017-12-12,LTCEUR,178.76,300,169.01,250,179.18,42312.66
2017-12-11,LTCEUR,116.03,199,116.03,178.76,226.15,34783.98
2017-12-10,LTCEUR,128.95,132.98,115,116.03,13.19,1655.89
2017-12-09,LTCEUR,110.9,159,105.5,128.95,96.86,12014.61
2017-12-08,LTCEUR,84.94,112,80,110.9,140.51,13908.46
2017-12-07,LTCEUR,87.6,87.98,77.26,84.94,46.33,3815.21
2017-12-06,LTCEUR,85.1,89.49,82.1,87.6,45.05,3909.89
2017-12-05,LTCEUR,84,88,83.68,85.1,96.4,8247.51
2017-12-04,LTCEUR,84.56,93,81.05,84,44.18,3792.57
2017-12-03,LTCEUR,87.34,87.34,87.34,87.34,0.0,0.0
2017-12-02,LTCEUR,82,87.34,82,87.34,0.6123,51.65
2017-12-01,LTCEUR,73.94,99.8,69.28,82,148.2,11921.78
2017-11-30,LTCEUR,45.98,45.98,45.98,45.98,0.0,0.0
2017-11-29,LTCEUR,45.98,45.98,45.98,45.98,0.0,0.0
2017-11-28,LTCEUR,45.98,45.98,45.98,45.98,0.0,0.0
2017-11-27,LTCEUR,45.98,45.98,45.98,45.98,0.0,0.0
2017-11-26,LTCEUR,45.98,45.98,45.98,45.98,0.0,0.0
2017-11-25,LTCEUR,45.98,45.98,45.98,45.98,0.0,0.0
2017-11-24,LTCEUR,45.98,45.98,45.98,45.98,0.0,0.0
2017-11-23,LTCEUR,45.98,45.98,45.98,45.98,0.0,0.0
2017-11-22,LTCEUR,45.98,45.98,45.98,45.98,0.0,0.0
2017-11-21,LTCEUR,45.98,45.98,45.98,45.98,0.0,0.0
2017-11-20,LTCEUR,45.98,45.98,45.98,45.98,0.0,0.0
2017-11-19,LTCEUR,45.98,45.98,45.98,45.98,0.0,0.0
2017-11-18,LTCEUR,45.98,45.98,45.98,45.98,0.0,0.0
2017-11-17,LTCEUR,45.98,45.98,45.98,45.98,0.0,0.0
2017-11-16,LTCEUR,45.98,45.98,45.98,45.98,0.0,0.0
2017-11-15,LTCEUR,45.98,45.98,45.98,45.98,0.0,0.0
2017-11-14,LTCEUR,45.98,45.98,45.98,45.98,0.0,0.0
2017-11-13,LTCEUR,45.98,45.98,45.98,45.98,0.0,0.0
2017-11-12,LTCEUR,45.98,45.98,45.98,45.98,0.0,0.0
2017-11-11,LTCEUR,45.98,45.98,45.98,45.98,0.0,0.0
2017-11-10,LTCEUR,45.98,45.98,45.98,45.98,0.0,0.0
2017-11-09,LTCEUR,45.98,45.98,45.98,45.98,0.0,0.0
2017-11-08,LTCEUR,45.98,45.98,45.98,45.98,0.0,0.0
2017-11-07,LTCEUR,45.98,45.98,45.98,45.98,0.0,0.0
2017-11-06,LTCEUR,45.98,45.98,45.98,45.98,0.0,0.0
2017-11-05,LTCEUR,45.98,45.98,45.98,45.98,0.0,0.0
2017-11-04,LTCEUR,45.98,45.98,45.98,45.98,0.0,0.0
2017-11-03,LTCEUR,45.98,45.98,45.98,45.98,0.0,0.0
2017-11-02,LTCEUR,45.98,45.98,45.98,45.98,0.0,0.0
2017-11-01,LTCEUR,45.98,45.98,45.98,45.98,0.0,0.0
2017-10-31,LTCEUR,45.98,45.98,45.98,45.98,0.0,0.0
2017-10-30,LTCEUR,45.98,45.98,45.98,45.98,0.0,0.0
2017-10-29,LTCEUR,45.98,45.98,45.98,45.98,0.0,0.0
2017-10-28,LTCEUR,45.98,45.98,45.98,45.98,0.0,0.0
2017-10-27,LTCEUR,45.98,45.98,45.98,45.98,0.0,0.0
2017-10-26,LTCEUR,45.98,45.98,45.98,45.98,0.0,0.0
2017-10-25,LTCEUR,45.98,45.98,45.98,45.98,0.0,0.0
2017-10-24,LTCEUR,45.98,45.98,45.98,45.98,0.0,0.0
2017-10-23,LTCEUR,45.98,45.98,45.98,45.98,0.0,0.0
2017-10-22,LTCEUR,45.98,45.98,45.98,45.98,0.0,0.0
2017-10-21,LTCEUR,45.98,45.98,45.98,45.98,0.0,0.0
2017-10-20,LTCEUR,45.98,45.98,45.98,45.98,0.0,0.0
2017-10-19,LTCEUR,45.98,45.98,45.98,45.98,0.0,0.0
2017-10-18,LTCEUR,45.98,45.98,45.98,45.98,0.0,0.0
2017-10-17,LTCEUR,45.98,45.98,45.98,45.98,0.0,0.0
2017-10-16,LTCEUR,45.98,45.98,45.98,45.98,0.0,0.0
2017-10-15,LTCEUR,45.98,45.98,45.98,45.98,0.0,0.0
2017-10-14,LTCEUR,45.98,45.98,45.98,45.98,0.0,0.0
2017-10-13,LTCEUR,45.98,45.98,45.98,45.98,0.0,0.0
2017-10-12,LTCEUR,45.98,45.98,45.98,45.98,0.0,0.0
2017-10-11,LTCEUR,45.98,45.98,45.98,45.98,0.0,0.0
2017-10-10,LTCEUR,45.98,45.98,45.98,45.98,0.0,0.0
2017-10-09,LTCEUR,45.98,45.98,45.98,45.98,0.0,0.0
2017-10-08,LTCEUR,44.21,45.98,44.02,45.98,1.754,77.7
2017-10-07,LTCEUR,43.55,43.55,43.55,43.55,0.0,0.0
2017-10-06,LTCEUR,43.55,43.55,43.55,43.55,0.0,0.0
2017-10-05,LTCEUR,43.41,43.57,43.41,43.55,3.171,138.11
2017-10-04,LTCEUR,43.1,43.1,43.1,43.1,0.0,0.0
2017-10-03,LTCEUR,48.08,48.08,43.02,43.1,0.8177,35.18
2017-10-02,LTCEUR,45.2,46.11,45.2,46.11,0.3784,17.45
2017-10-01,LTCEUR,45.51,46.01,45.51,46.01,0.03149,1.449
2017-09-30,LTCEUR,45.08,45.08,45.08,45.08,0.0,0.0
2017-09-29,LTCEUR,38,55.1,38,45.08,5.535,259.02
2017-09-28,LTCEUR,48.01,48.01,46.5,46.51,0.011,0.5115
2017-09-27,LTCEUR,48,48,48,48,0.0,0.0
2017-09-26,LTCEUR,45.4,48,45.4,48,1.836,85.24
2017-09-25,LTCEUR,40.01,40.01,40.01,40.01,0.0,0.0
2017-09-24,LTCEUR,40.01,40.01,40.01,40.01,0.0,0.0
2017-09-23,LTCEUR,40.01,40.01,40.01,40.01,0.0,0.0
2017-09-22,LTCEUR,40.87,42.12,40.01,40.01,61.78,2500.65
2017-09-21,LTCEUR,48.7,48.7,39,40.87,100.58,4289.02
2017-09-20,LTCEUR,45.06,48.7,45.06,48.7,13.73,666.18
2017-09-19,LTCEUR,49.68,49.68,45.05,45.06,15.12,695.77
2017-09-18,LTCEUR,45.33,50.46,42.51,49.68,25.94,1233.61
2017-09-17,LTCEUR,44.7,45.33,40,45.33,417.64,17003.15
2017-09-16,LTCEUR,39.32,48.29,39.32,44.7,265.51,11867.92
2017-09-15,LTCEUR,50.69,50.69,28.99,39.32,48.77,2077.63
2017-09-14,LTCEUR,52.5,54.9,42,50.69,54.48,2365.41
2017-09-13,LTCEUR,60.3,60.3,41.65,52.5,31.25,1732.69
2017-09-12,LTCEUR,61.79,65.85,60.3,60.3,38.85,2422.17
2017-09-11,LTCEUR,61.61,61.8,55,61.79,4.991,283.91
2017-09-10,LTCEUR,61.5,65.99,60.01,61.61,86.12,5198.54
2017-09-09,LTCEUR,62.12,68,61.5,61.5,20.23,1299.59
2017-09-08,LTCEUR,68,70.95,62.12,62.12,37.84,2548.09
2017-09-07,LTCEUR,73.9,73.9,68,68,11.66,802.61
2017-09-06,LTCEUR,66.99,76,66.4,73.9,35.56,2525.73
2017-09-05,LTCEUR,63.1,67.99,63.1,66.99,9.235,621.44
2017-09-04,LTCEUR,68.05,68.05,57.7,63.1,63.46,3926.18
2017-09-03,LTCEUR,68,68.05,68,68.05,6.338,431.03
2017-09-02,LTCEUR,74,79,66.32,68,42.74,3032.09
2017-09-01,LTCEUR,64.82,87,62.02,74,204.98,15144.81
2017-08-31,LTCEUR,53.5,71.97,53.5,64.82,108.85,6507.58
2017-08-30,LTCEUR,48.06,54.8,48.06,53.5,31.43,1678.01
2017-08-29,LTCEUR,56,59.69,48.05,48.06,17.52,918.01
2017-08-28,LTCEUR,51,56,50.2,56,14.12,727.92
2017-08-27,LTCEUR,43.3,51,42,51,80.96,3666.19
2017-08-26,LTCEUR,44.57,46.06,43.3,43.3,35.02,1553.16
2017-08-25,LTCEUR,45.24,46.97,43.5,44.57,70.76,3107.18
2017-08-24,LTCEUR,42.1,46.99,42.1,45.24,13.39,605.89
2017-08-23,LTCEUR,42.1,49,41,42.1,68.5,2917.78
2017-08-22,LTCEUR,42.5,42.5,39.21,42.1,21.25,866.94
2017-08-21,LTCEUR,42.47,42.5,40,42.5,91.04,3867.93
2017-08-20,LTCEUR,40.8,42.47,40.58,42.47,3.025,124.68
2017-08-19,LTCEUR,39.1,40.8,39,40.8,44.82,1754.3
2017-08-18,LTCEUR,39.59,49,37.7,39.1,56.14,2522.03
2017-08-17,LTCEUR,38.8,39.7,38.35,39.59,9.452,371.34
2017-08-16,LTCEUR,43.99,43.99,37.1,38.8,21.86,847.04
2017-08-15,LTCEUR,49.5,49.5,37,43.99,25.52,973.16
2017-08-14,LTCEUR,40.74,49.5,39.98,49.5,21.09,900.02
2017-08-13,LTCEUR,40.02,40.74,37.5,40.74,4.865,185.92
2017-08-12,LTCEUR,40.02,40.02,40.02,40.02,0.0,0.0
2017-08-11,LTCEUR,40.02,43.8,40.02,40.02,29.17,1220.81
2017-08-10,LTCEUR,37.06,44,37.06,40.02,14.61,610.29
2017-08-09,LTCEUR,41.3,42.88,35.05,37.06,37.24,1458.97
2017-08-08,LTCEUR,41.55,41.55,33,41.3,20.17,687.19
2017-08-07,LTCEUR,38.4,41.55,38.4,41.55,28.48,1114.06
2017-08-06,LTCEUR,38.49,38.49,35.4,38.4,1.231,44.29
2017-08-05,LTCEUR,37.99,38.49,37.98,38.49,3.396,129.91
2017-08-04,LTCEUR,36.3,37.99,35.06,37.99,5.224,191.82
2017-08-03,LTCEUR,36.9,38.69,34.5,36.3,31.06,1133.38
2017-08-02,LTCEUR,38.4,39,36.5,36.9,6.676,253.71
2017-08-01,LTCEUR,36.59,38.4,36.59,38.4,20.82,792.27
2017-07-31,LTCEUR,34.85,36.59,34.62,36.59,26.77,977.18
2017-07-30,LTCEUR,34.9,34.9,34.85,34.85,0.9012,31.41
2017-07-29,LTCEUR,36.34,36.34,34.2,34.9,14.55,501.29
2017-07-28,LTCEUR,35.06,37.64,35.06,36.34,4.442,166.51
2017-07-27,LTCEUR,37.08,37.08,35.06,35.06,2.672,96.94
2017-07-26,LTCEUR,36,39.17,36,37.08,1.478,57.34
2017-07-25,LTCEUR,40.48,40.48,36,36,30.31,1109.68
2017-07-24,LTCEUR,38.01,42.9,38.01,40.48,0.93,37.6
2017-07-23,LTCEUR,36.8,44.58,36.8,38.01,28.92,1131.54
2017-07-22,LTCEUR,37.21,44.89,36.8,36.8,17.86,714.06
2017-07-21,LTCEUR,35.17,37.21,35.17,37.21,0.1524,5.67
2017-07-20,LTCEUR,37,49.4,35.17,35.17,16.57,700.19
2017-07-19,LTCEUR,39.69,39.69,36,37,7.444,272.0
2017-07-18,LTCEUR,36.02,39.7,36.02,39.69,0.9477,36.38
2017-07-17,LTCEUR,32,41.15,32,36.02,18.74,726.55
2017-07-16,LTCEUR,35,35,32,32,20.82,693.48
2017-07-15,LTCEUR,37,37,35,35,19.42,680.21
2017-07-14,LTCEUR,40,45.5,36.2,37,35.22,1354.14
2017-07-13,LTCEUR,40.11,44,40,40,76.87,3139.58
2017-07-12,LTCEUR,37.01,61,37.01,40.11,380.51,21328.8
2017-07-11,LTCEUR,40.51,40.51,37.01,37.01,16.56,612.75
2017-07-10,LTCEUR,45,46.9,40.51,40.51,2.106,88.67
2017-07-09,LTCEUR,42,45,42,45,1.1,49.48
2017-07-08,LTCEUR,40,44.98,40,42,3.353,146.32
2017-07-07,LTCEUR,42.21,44,40,40,47.16,2012.02
2017-07-06,LTCEUR,42.21,42.21,42.21,42.21,0.0,0.0
2017-07-05,LTCEUR,47,49,42.2,42.21,23.88,1061.36
2017-07-04,LTCEUR,42.5,47,42.5,47,54.1,2426.74
2017-07-03,LTCEUR,37.5,43,37.5,42.5,15.61,614.77
2017-07-02,LTCEUR,36,38.48,36,37.5,39.61,1464.1
2017-07-01,LTCEUR,36,37.3,16,36,33.0,1046.57
2017-06-30,LTCEUR,35,36.1,35,36,28.75,1035.06
2017-06-29,LTCEUR,38,41.4,35,35,9.813,363.25
2017-06-28,LTCEUR,39,99,38,38,145.81,6836.68
2017-06-27,LTCEUR,35,39.9,31,39,10.09,370.84
2017-06-26,LTCEUR,37.03,40,31,35,25.43,919.18
2017-06-25,LTCEUR,40.01,40.01,37.03,37.03,13.95,535.47
2017-06-24,LTCEUR,41,41,40.01,40.01,11.92,476.8
2017-06-23,LTCEUR,42.5,42.5,40.02,41,3.269,133.84
2017-06-22,LTCEUR,42,48,42,42.5,36.11,1537.42
2017-06-21,LTCEUR,41,42,41,42,20.21,847.76
2017-06-20,LTCEUR,41,43,41,41,15.41,640.98
2017-06-19,LTCEUR,40,48.99,37.05,41,73.65,3301.84
2017-06-18,LTCEUR,43,43,40,40,11.07,442.62
2017-06-17,LTCEUR,32.96,44,32.95,43,165.36,6112.16
2017-06-16,LTCEUR,26.6,32.98,26.6,32.96,27.42,864.56
2017-06-15,LTCEUR,30.47,30.47,26.6,26.6,86.38,2333.56
2017-06-14,LTCEUR,27.77,30.47,27.01,30.47,38.95,1130.79
2017-06-13,LTCEUR,27.15,34.6,27.15,27.77,77.01,2236.35
2017-06-12,LTCEUR,31,32,27,27.15,53.56,1505.17
2017-06-11,LTCEUR,27.13,31,26.96,31,80.66,2405.63
2017-06-10,LTCEUR,29.38,29.38,27.12,27.13,15.61,433.54
2017-06-09,LTCEUR,27.32,29.38,27.32,29.38,0.1361,4.0
2017-06-08,LTCEUR,26.5,27.32,26.5,27.32,148.28,4043.87
2017-06-07,LTCEUR,26.2,30,26.2,26.5,30.23,888.02
2017-06-06,LTCEUR,26.9,28,26,26.2,15.22,417.89
2017-06-05,LTCEUR,25.11,27,25.11,26.9,6.995,188.21
2017-06-04,LTCEUR,28.59,28.59,25.11,25.11,1.073,30.03
2017-06-03,LTCEUR,23.1,28.59,23.1,28.59,1.41,40.0
2017-06-02,LTCEUR,26.99,26.99,23.1,23.1,3.893,90.22
2017-06-01,LTCEUR,23,28.97,23,26.99,2.308,63.0
2017-05-31,LTCEUR,29,29,23,23,6.64,153.22
2017-05-30,LTCEUR,28,29,25,29,23.19,650.0
2017-05-29,LTCEUR,22,28,22,28,17.86,499.2
2017-05-28,LTCEUR,21,27.9,21,22,8.313,216.8
2017-05-27,LTCEUR,25,25,19,21,64.99,1385.08
2017-05-26,LTCEUR,31,31,25,25,13.29,349.69
2017-05-25,LTCEUR,30,37.4,25.04,31,121.13,3671.13
2017-05-24,LTCEUR,26.4,30,26.4,30,1.603,46.74
2017-05-23,LTCEUR,23,26.54,23,26.4,78.32,2045.44
2017-05-22,LTCEUR,20.11,25,20.11,23,48.59,1195.35
2017-05-21,LTCEUR,25,25,20.11,20.11,21.68,517.9
2017-05-20,LTCEUR,27,27,25,25,25.59,639.67
2017-05-19,LTCEUR,25.89,27,24,27,3.799,98.36
2017-05-18,LTCEUR,25.74,25.89,22,25.89,4.733,108.44
2017-05-17,LTCEUR,22,25.74,22,25.74,1.64,42.22
2017-05-16,LTCEUR,29.82,29.82,22,22,14.12,317.34
2017-05-15,LTCEUR,29.96,29.96,22,29.82,3.005,78.29
2017-05-14,LTCEUR,25,29.96,25,29.96,0.3378,10.12
2017-05-13,LTCEUR,26.5,26.5,25,25,0.8,20.0
2017-05-12,LTCEUR,28,33.25,26.5,26.5,20.98,583.34
2017-05-11,LTCEUR,31.99,36.9,28,28,18.14,542.2
2017-05-10,LTCEUR,18,31.99,18,31.99,7.257,230.3
2017-05-09,LTCEUR,30,44,13.4,18,85.1,2231.47
2017-05-08,LTCEUR,20.03,31.49,20.03,30,1.753,53.56
2017-05-07,LTCEUR,20.03,20.03,20.03,20.03,0.0,0.0
2017-05-06,LTCEUR,14.5,20.03,14.5,20.03,0.2112,4.231
2017-05-05,LTCEUR,28.99,28.99,14.5,14.5,0.4988,7.233
2017-05-04,LTCEUR,18.5,28.99,18.5,28.99,7.705,181.0
2017-05-03,LTCEUR,17,17,17,17,0.0,0.0
2017-05-02,LTCEUR,12.01,17,12.01,17,12.12,196.0
2017-05-01,LTCEUR,16,16,12.01,12.01,20.55,287.85
2017-04-30,LTCEUR,17.7,17.7,15.79,16,5.424,86.12
2017-04-29,LTCEUR,17.7,17.7,17.7,17.7,0.0,0.0
2017-04-28,LTCEUR,12.25,17.77,10.25,17.7,33.05,551.78
2017-04-27,LTCEUR,14.8,14.8,12.25,12.25,10.59,129.81
2017-04-26,LTCEUR,14.8,14.8,14.8,14.8,0.2122,3.14
2017-04-25,LTCEUR,14.9,14.9,14.8,14.8,1.026,15.19
2017-04-24,LTCEUR,12.51,14.9,12.51,14.9,3.96,59.0
2017-04-23,LTCEUR,12.51,12.51,12.51,12.51,0.0,0.0
2017-04-22,LTCEUR,11.01,12.51,10,12.51,2.121,23.72
2017-04-21,LTCEUR,11.07,11.07,10.98,11.01,2.454,27.0
2017-04-20,LTCEUR,12.99,12.99,11.07,11.07,0.1284,1.422
2017-04-19,LTCEUR,4,12.99,4,12.99,6.287,42.13
2017-04-18,LTCEUR,4,4,4,4,0.0,0.0
2017-04-17,LTCEUR,13,13,4,4,2.213,8.853
2017-04-16,LTCEUR,13,13,13,13,0.0,0.0
2017-04-15,LTCEUR,13,13,13,13,0.0,0.0
2017-04-14,LTCEUR,13,13,13,13,0.0,0.0
2017-04-13,LTCEUR,11.5,13,11.5,13,3.007,39.09
2017-04-12,LTCEUR,12,12,11.5,11.5,4.66,54.92
2017-04-11,LTCEUR,12,12,12,12,0.0,0.0
2017-04-10,LTCEUR,12,12,12,12,0.0,0.0
2017-04-09,LTCEUR,11.11,12,11.11,12,0.1075,1.29
2017-04-08,LTCEUR,11.11,11.11,11.11,11.11,0.0,0.0
2017-04-07,LTCEUR,11.11,11.11,11.11,11.11,0.0,0.0
2017-04-06,LTCEUR,10,11.11,10,11.11,0.7705,8.56
2017-04-05,LTCEUR,9.99,10,8.99,10,21.2,210.79
2017-04-04,LTCEUR,9.99,9.99,9.99,9.99,0.0,0.0
2017-04-03,LTCEUR,7.59,9.99,7.59,9.99,0.4494,4.49
2017-04-02,LTCEUR,4.87,7.59,4.87,7.59,1.318,10.0
2017-04-01,LTCEUR,4.87,4.87,4.87,4.87,0.0,0.0
2017-03-31,LTCEUR,4.87,4.87,4.87,4.87,0.0,0.0
2017-03-30,LTCEUR,4.44,4.87,4.43,4.87,15.7,72.21
2017-03-29,LTCEUR,4.44,4.44,4.44,4.44,0.0,0.0
2017-03-28,LTCEUR,4.44,4.44,4.44,4.44,0.0,0.0
2017-03-27,LTCEUR,4.44,4.44,4.44,4.44,0.0,0.0
2017-03-26,LTCEUR,4.44,4.44,4.44,4.44,0.0,0.0
2017-03-25,LTCEUR,4.44,4.44,4.44,4.44,0.0,0.0
2017-03-24,LTCEUR,4.44,4.44,4.44,4.44,0.0,0.0
2017-03-23,LTCEUR,4.44,4.44,4.44,4.44,0.0,0.0
2017-03-22,LTCEUR,4.44,4.44,4.44,4.44,0.0,0.0
2017-03-21,LTCEUR,4.44,4.44,4.44,4.44,0.0,0.0
2017-03-20,LTCEUR,4.44,4.44,4.44,4.44,0.0,0.0
2017-03-19,LTCEUR,4.44,4.44,4.44,4.44,0.0,0.0
2017-03-18,LTCEUR,4.44,4.44,4.44,4.44,0.0,0.0
2017-03-17,LTCEUR,4.44,4.44,4.44,4.44,0.0,0.0
2017-03-16,LTCEUR,4.44,4.44,4.44,4.44,0.0,0.0
2017-03-15,LTCEUR,4.44,4.44,4.44,4.44,0.0,0.0
2017-03-14,LTCEUR,4.44,4.44,4.44,4.44,0.0,0.0
2017-03-13,LTCEUR,4.44,4.44,4.44,4.44,0.0,0.0
2017-03-12,LTCEUR,4.44,4.44,4.44,4.44,0.0,0.0
2017-03-11,LTCEUR,4.44,4.44,4.44,4.44,0.0,0.0
2017-03-10,LTCEUR,4.44,4.44,4.44,4.44,0.0,0.0
2017-03-09,LTCEUR,4.44,4.44,4.44,4.44,0.0,0.0
2017-03-08,LTCEUR,4.44,4.44,4.44,4.44,0.0,0.0
2017-03-07,LTCEUR,4.44,4.44,4.44,4.44,0.972,4.316
2017-03-06,LTCEUR,4,4.44,4,4.44,2.027,9.0
2017-03-05,LTCEUR,4,4,4,4,0.0,0.0
2017-03-04,LTCEUR,8,8,4,4,3.625,14.5
2017-03-03,LTCEUR,8,8,8,8,0.0,0.0
2017-03-02,LTCEUR,8,8,8,8,0.0,0.0
2017-03-01,LTCEUR,8,8,8,8,0.0,0.0
2017-02-28,LTCEUR,8,8,8,8,0.0,0.0
2017-02-27,LTCEUR,8,8,8,8,0.0,0.0
2017-02-26,LTCEUR,8,8,8,8,0.0,0.0
2017-02-25,LTCEUR,8,8,8,8,0.0,0.0
2017-02-24,LTCEUR,8,8,8,8,0.0,0.0
2017-02-23,LTCEUR,8,8,8,8,0.0,0.0
2017-02-22,LTCEUR,8,8,8,8,0.0,0.0
2017-02-21,LTCEUR,8,8,8,8,0.0,0.0
2017-02-20,LTCEUR,8,8,8,8,0.0,0.0
2017-02-19,LTCEUR,8,8,8,8,0.0,0.0
2017-02-18,LTCEUR,0.2,8,0.2,8,0.125,1.0
2017-02-17,LTCEUR,4.69,9,0.2,0.2,618.45,3749.35
2017-02-16,LTCEUR,5.31,5.31,5.31,5.31,0.0,0.0
2017-02-15,LTCEUR,5.31,5.31,5.31,5.31,0.0,0.0
2017-02-14,LTCEUR,5.31,5.31,5.31,5.31,0.0,0.0
2017-02-13,LTCEUR,5.31,5.31,5.31,5.31,0.0,0.0
2017-02-12,LTCEUR,5.31,5.31,5.31,5.31,0.0,0.0
2017-02-11,LTCEUR,5.31,5.31,5.31,5.31,0.0,0.0
2017-02-10,LTCEUR,5.31,5.31,5.31,5.31,0.0,0.0
2017-02-09,LTCEUR,5.31,5.31,5.31,5.31,0.0,0.0
2017-02-08,LTCEUR,5.31,5.31,5.31,5.31,0.0,0.0
2017-02-07,LTCEUR,5.31,5.31,5.31,5.31,0.0,0.0
2017-02-06,LTCEUR,5.31,5.31,5.31,5.31,0.0,0.0
2017-02-05,LTCEUR,5.31,5.31,5.31,5.31,0.0,0.0
2017-02-04,LTCEUR,5.31,5.31,5.31,5.31,0.0,0.0
2017-02-03,LTCEUR,5.31,5.31,5.31,5.31,0.0,0.0
2017-02-02,LTCEUR,5.31,5.31,5.31,5.31,0.0,0.0
2017-02-01,LTCEUR,5.31,5.31,5.31,5.31,0.0,0.0
2017-01-31,LTCEUR,5.31,5.31,5.31,5.31,0.0,0.0
2017-01-30,LTCEUR,5.31,5.31,5.31,5.31,0.0,0.0
2017-01-29,LTCEUR,5.31,5.31,5.31,5.31,0.0,0.0
2017-01-28,LTCEUR,5.31,5.31,5.31,5.31,0.0,0.0
2017-01-27,LTCEUR,5.31,5.31,5.31,5.31,0.0,0.0
2017-01-26,LTCEUR,5.31,5.31,5.31,5.31,0.0,0.0
2017-01-25,LTCEUR,5.31,5.31,5.31,5.31,0.0,0.0
2017-01-24,LTCEUR,5.31,5.31,5.31,5.31,0.0,0.0
2017-01-23,LTCEUR,5.31,5.31,5.31,5.31,0.0,0.0
2017-01-22,LTCEUR,5.31,5.31,5.31,5.31,0.0,0.0
2017-01-21,LTCEUR,5.31,5.31,5.31,5.31,0.0,0.0
2017-01-20,LTCEUR,5.31,5.31,5.31,5.31,0.0,0.0
2017-01-19,LTCEUR,5.31,5.31,5.31,5.31,0.0,0.0
2017-01-18,LTCEUR,5.31,5.31,5.31,5.31,0.0,0.0
2017-01-17,LTCEUR,5.31,5.31,5.31,5.31,0.0,0.0
2017-01-16,LTCEUR,5.31,5.31,5.31,5.31,0.0,0.0
2017-01-15,LTCEUR,5.31,5.31,5.31,5.31,0.0,0.0
2017-01-14,LTCEUR,5.31,5.31,5.31,5.31,0.0,0.0
2017-01-13,LTCEUR,5.31,5.31,5.31,5.31,0.0,0.0
2017-01-12,LTCEUR,5.3,5.31,5.3,5.31,2.554,13.54
2017-01-11,LTCEUR,5.5,5.5,5.5,5.5,0.0,0.0
2017-01-10,LTCEUR,5.5,5.5,5.5,5.5,0.0,0.0
2017-01-09,LTCEUR,5.7,5.7,5.5,5.5,1.207,6.64
2017-01-08,LTCEUR,5.7,5.7,5.7,5.7,0.0,0.0
2017-01-07,LTCEUR,100,100,5.7,5.7,0.5546,5.99
2017-01-06,LTCEUR,7,7,7,7,0.0,0.0
2017-01-05,LTCEUR,7,7,7,7,0.0,0.0
2017-01-04,LTCEUR,7,7,7,7,0.0,0.0
2017-01-03,LTCEUR,7,7,7,7,0.0,0.0
2017-01-02,LTCEUR,7,7,7,7,0.0,0.0
2017-01-01,LTCEUR,7,7,7,7,0.0,0.0
2016-12-31,LTCEUR,7,7,7,7,0.0,0.0
2016-12-30,LTCEUR,7,7,7,7,0.0,0.0
2016-12-29,LTCEUR,7,7,7,7,0.0,0.0
2016-12-28,LTCEUR,7,7,7,7,0.0,0.0
2016-12-27,LTCEUR,7,7,7,7,0.0,0.0
2016-12-26,LTCEUR,7,7,7,7,0.0,0.0
2016-12-25,LTCEUR,7,7,7,7,0.0,0.0
2016-12-24,LTCEUR,7,7,7,7,0.0,0.0
2016-12-23,LTCEUR,7,7,7,7,0.0,0.0
2016-12-22,LTCEUR,7,7,7,7,0.0,0.0
2016-12-21,LTCEUR,5.88,7,5.88,7,30.65,190.0
2016-12-20,LTCEUR,3,3,3,3,0.0,0.0
2016-12-19,LTCEUR,3,3,3,3,0.0,0.0
2016-12-18,LTCEUR,3,3,3,3,2.08,6.239
2016-12-17,LTCEUR,2,2,2,2,1.0,2.0
2016-12-16,LTCEUR,8,8,8,8,0.0,0.0
2016-12-15,LTCEUR,8,8,8,8,0.0,0.0
2016-12-14,LTCEUR,8,8,8,8,0.0,0.0
2016-12-13,LTCEUR,8,8,8,8,0.0,0.0
2016-12-12,LTCEUR,8,8,8,8,0.0,0.0
2016-12-11,LTCEUR,8,8,8,8,0.0,0.0
2016-12-10,LTCEUR,8,8,8,8,0.0,0.0
2016-12-09,LTCEUR,8,8,8,8,0.0,0.0
2016-12-08,LTCEUR,8,8,8,8,0.0,0.0
2016-12-07,LTCEUR,8,8,8,8,0.0,0.0
2016-12-06,LTCEUR,8,8,8,8,0.0,0.0
2016-12-05,LTCEUR,8,8,8,8,0.0,0.0
2016-12-04,LTCEUR,8,8,8,8,0.0,0.0
2016-12-03,LTCEUR,8,8,8,8,0.0,0.0
2016-12-02,LTCEUR,8,8,8,8,0.0,0.0
2016-12-01,LTCEUR,8,8,8,8,0.0,0.0
2016-11-30,LTCEUR,8,8,8,8,0.0,0.0
2016-11-29,LTCEUR,8,8,8,8,0.0,0.0
2016-11-28,LTCEUR,8,8,8,8,0.0,0.0
2016-11-27,LTCEUR,8,8,8,8,0.0,0.0
2016-11-26,LTCEUR,8,8,8,8,0.0,0.0
2016-11-25,LTCEUR,8,8,8,8,0.0,0.0
2016-11-24,LTCEUR,8,8,8,8,0.0,0.0
2016-11-23,LTCEUR,8,8,8,8,0.0,0.0
2016-11-22,LTCEUR,8,8,8,8,0.0,0.0
2016-11-21,LTCEUR,8,8,8,8,0.0,0.0
2016-11-20,LTCEUR,8,8,8,8,0.0,0.0
2016-11-19,LTCEUR,8,8,8,8,0.0,0.0
2016-11-18,LTCEUR,8,8,8,8,0.0,0.0
2016-11-17,LTCEUR,8,8,8,8,0.0,0.0
2016-11-16,LTCEUR,8,8,8,8,0.0,0.0
2016-11-15,LTCEUR,8,8,8,8,0.0,0.0
2016-11-14,LTCEUR,8,8,8,8,0.0,0.0
2016-11-13,LTCEUR,8,8,8,8,0.0,0.0
2016-11-12,LTCEUR,8,8,8,8,0.0,0.0
2016-11-11,LTCEUR,8,8,8,8,0.0,0.0
2016-11-10,LTCEUR,8,8,8,8,0.0,0.0
2016-11-09,LTCEUR,8,8,8,8,0.0,0.0
2016-11-08,LTCEUR,8,8,8,8,0.0,0.0
2016-11-07,LTCEUR,8,8,8,8,0.0,0.0
2016-11-06,LTCEUR,8,8,8,8,0.0,0.0
2016-11-05,LTCEUR,8,8,8,8,0.0,0.0
2016-11-04,LTCEUR,8,8,8,8,0.0,0.0
2016-11-03,LTCEUR,8,8,8,8,0.0,0.0
2016-11-02,LTCEUR,8,8,8,8,0.0,0.0
2016-11-01,LTCEUR,8,8,8,8,0.0,0.0
2016-10-31,LTCEUR,8,8,8,8,0.0,0.0
2016-10-30,LTCEUR,8,8,8,8,0.0,0.0
2016-10-29,LTCEUR,8,8,8,8,0.0,0.0
2016-10-28,LTCEUR,8,8,8,8,0.0,0.0
2016-10-27,LTCEUR,8,8,8,8,0.0,0.0
2016-10-26,LTCEUR,8,8,8,8,0.0,0.0
2016-10-25,LTCEUR,8,8,8,8,0.0,0.0
2016-10-24,LTCEUR,8,8,8,8,0.0,0.0
2016-10-23,LTCEUR,8,8,8,8,0.0,0.0
2016-10-22,LTCEUR,8,8,8,8,0.0,0.0
2016-10-21,LTCEUR,8,8,8,8,0.0,0.0
2016-10-20,LTCEUR,8,8,8,8,0.0,0.0
2016-10-19,LTCEUR,8,8,8,8,0.0,0.0
2016-10-18,LTCEUR,8,8,8,8,0.0,0.0
2016-10-17,LTCEUR,8,8,8,8,0.0,0.0
2016-10-16,LTCEUR,8,8,8,8,0.0,0.0
2016-10-15,LTCEUR,8,8,8,8,0.0,0.0
2016-10-14,LTCEUR,8,8,8,8,0.0,0.0
2016-10-13,LTCEUR,8,8,8,8,0.0,0.0
2016-10-12,LTCEUR,8,8,8,8,0.0,0.0
2016-10-11,LTCEUR,8,8,8,8,0.0,0.0
2016-10-10,LTCEUR,8,8,8,8,0.0,0.0
2016-10-09,LTCEUR,8,8,8,8,0.0,0.0
2016-10-08,LTCEUR,8,8,8,8,0.0,0.0
2016-10-07,LTCEUR,8,8,8,8,0.0,0.0
2016-10-06,LTCEUR,8,8,8,8,0.0,0.0
2016-10-05,LTCEUR,8,8,8,8,0.0,0.0
2016-10-04,LTCEUR,8,8,8,8,0.0,0.0
2016-10-03,LTCEUR,8,8,8,8,0.0,0.0
2016-10-02,LTCEUR,8,8,8,8,0.0,0.0
2016-10-01,LTCEUR,8,8,8,8,0.0,0.0
2016-09-30,LTCEUR,8,8,8,8,0.0,0.0
2016-09-29,LTCEUR,8,8,8,8,0.0,0.0
2016-09-28,LTCEUR,8,8,8,8,0.0,0.0
2016-09-27,LTCEUR,8,8,8,8,0.0,0.0
2016-09-26,LTCEUR,8,8,8,8,0.0,0.0
2016-09-25,LTCEUR,8,8,8,8,0.0,0.0
2016-09-24,LTCEUR,5,8,5,8,6.087,33.56
2016-09-23,LTCEUR,1,1,1,1,0.0,0.0
2016-09-22,LTCEUR,1,1,1,1,0.0,0.0
2016-09-21,LTCEUR,1,1,1,1,0.0,0.0
2016-09-20,LTCEUR,1,1,1,1,0.0,0.0
2016-09-19,LTCEUR,1,1,1,1,0.0,0.0
2016-09-18,LTCEUR,1,1,1,1,0.0,0.0
2016-09-17,LTCEUR,1,1,1,1,0.0,0.0
2016-09-16,LTCEUR,1,1,1,1,0.0,0.0
2016-09-15,LTCEUR,1,1,1,1,0.0,0.0
2016-09-14,LTCEUR,3,3,1,1,2.16,4.347
2016-09-13,LTCEUR,5.5,5.5,5.5,5.5,0.0,0.0
2016-09-12,LTCEUR,5.5,5.5,5.5,5.5,0.0,0.0
2016-09-11,LTCEUR,5.5,5.5,5.5,5.5,0.0,0.0
2016-09-10,LTCEUR,5.5,5.5,5.5,5.5,0.6,3.3
2016-09-09,LTCEUR,6.9,6.9,6.9,6.9,2.174,15.0
2016-09-08,LTCEUR,9,9,9,9,0.0,0.0
2016-09-07,LTCEUR,9,9,9,9,0.0,0.0
2016-09-06,LTCEUR,9,9,9,9,0.0,0.0
2016-09-05,LTCEUR,9,9,9,9,0.0,0.0
2016-09-04,LTCEUR,9,9,9,9,0.0,0.0
2016-09-03,LTCEUR,9,9,9,9,0.0,0.0
2016-09-02,LTCEUR,9,9,9,9,0.0,0.0
2016-09-01,LTCEUR,9,9,9,9,0.0,0.0
2016-08-31,LTCEUR,9,9,9,9,0.0,0.0
2016-08-30,LTCEUR,9,9,9,9,0.0,0.0
2016-08-29,LTCEUR,9,9,9,9,0.0,0.0
2016-08-28,LTCEUR,9,9,9,9,0.0,0.0
2016-08-27,LTCEUR,9,9,9,9,0.0,0.0
2016-08-26,LTCEUR,9,9,9,9,0.0,0.0
2016-08-25,LTCEUR,9,9,9,9,0.0,0.0
2016-08-24,LTCEUR,9,9,9,9,0.0,0.0
2016-08-23,LTCEUR,9,9,9,9,0.0,0.0
2016-08-22,LTCEUR,9,9,9,9,0.0,0.0
2016-08-21,LTCEUR,9,9,9,9,0.0,0.0
2016-08-20,LTCEUR,9,9,9,9,0.0,0.0
2016-08-19,LTCEUR,9,9,9,9,0.0,0.0
2016-08-18,LTCEUR,9,9,9,9,0.0,0.0
2016-08-17,LTCEUR,9,9,9,9,0.0,0.0
2016-08-16,LTCEUR,9,9,9,9,0.0,0.0
2016-08-15,LTCEUR,9,9,9,9,0.0,0.0
2016-08-14,LTCEUR,9,9,9,9,0.0,0.0
2016-08-13,LTCEUR,9,9,9,9,0.0,0.0
2016-08-12,LTCEUR,9,9,9,9,0.0,0.0
2016-08-11,LTCEUR,9,9,9,9,0.0,0.0
2016-08-10,LTCEUR,9,9,9,9,0.0,0.0
2016-08-09,LTCEUR,9,9,9,9,0.0,0.0
2016-08-08,LTCEUR,9,9,9,9,0.0,0.0
2016-08-07,LTCEUR,9,9,9,9,0.0,0.0
2016-08-06,LTCEUR,9,9,9,9,0.0,0.0
2016-08-05,LTCEUR,9,9,9,9,0.0,0.0
2016-08-04,LTCEUR,9,9,9,9,0.0,0.0
2016-08-03,LTCEUR,9,9,9,9,0.0,0.0
2016-08-02,LTCEUR,9,9,9,9,2.778,25.0
